row, success, cause
https://img.pokemondb.net/sprites/scarlet-violet/icon/bulbasaur.png, True, None
https://img.pokemondb.net/sprites/scarlet-violet/icon/ivysaur.png, True, None
https://img.pokemondb.net/sprites/scarlet-violet/icon/venusaur.png, True, None
https://img.pokemondb.net/sprites/scarlet-violet/icon/venusaur-mega.png, True, None
https://img.pokemondb.net/sprites/scarlet-violet/icon/charmander.png, True, None
https://img.pokemondb.net/sprites/scarlet-violet/icon/charmeleon.png, True, None
https://img.pokemondb.net/sprites/scarlet-violet/icon/charizard.png, True, None
https://img.pokemondb.net/sprites/scarlet-violet/icon/charizard-mega-x.png, True, None
https://img.pokemondb.net/sprites/scarlet-violet/icon/charizard-mega-y.png, True, None
https://img.pokemondb.net/sprites/scarlet-violet/icon/squirtle.png, True, None
https://img.pokemondb.net/sprites/scarlet-violet/icon/wartortle.png, True, None
https://img.pokemondb.net/sprites/scarlet-violet/icon/blastoise.png, True, None
https://img.pokemondb.net/sprites/scarlet-violet/icon/blastoise-mega.png, True, None
https://img.pokemondb.net/sprites/scarlet-violet/icon/caterpie.png, True, None
https://img.pokemondb.net/sprites/scarlet-violet/icon/metapod.png, True, None
https://img.pokemondb.net/sprites/scarlet-violet/icon/butterfree.png, True, None
https://img.pokemondb.net/sprites/scarlet-violet/icon/weedle.png, True, None
https://img.pokemondb.net/sprites/scarlet-violet/icon/kakuna.png, True, None
https://img.pokemondb.net/sprites/scarlet-violet/icon/beedrill.png, True, None
https://img.pokemondb.net/sprites/scarlet-violet/icon/beedrill-mega.png, True, None
https://img.pokemondb.net/sprites/scarlet-violet/icon/pidgey.png, True, None
https://img.pokemondb.net/sprites/scarlet-violet/icon/pidgeotto.png, True, None
https://img.pokemondb.net/sprites/scarlet-violet/icon/pidgeot.png, True, None
https://img.pokemondb.net/sprites/scarlet-violet/icon/pidgeot-mega.png, True, None
https://img.pokemondb.net/sprites/scarlet-violet/icon/rattata.png, True, None
https://img.pokemondb.net/sprites/scarlet-violet/icon/rattata-alolan.png, True, None
https://img.pokemondb.net/sprites/scarlet-violet/icon/raticate.png, True, None
https://img.pokemondb.net/sprites/scarlet-violet/icon/raticate-alolan.png, True, None
https://img.pokemondb.net/sprites/scarlet-violet/icon/spearow.png, True, None
https://img.pokemondb.net/sprites/scarlet-violet/icon/fearow.png, True, None
https://img.pokemondb.net/sprites/scarlet-violet/icon/ekans.png, True, None
https://img.pokemondb.net/sprites/scarlet-violet/icon/arbok.png, True, None
https://img.pokemondb.net/sprites/scarlet-violet/icon/pikachu.png, True, None
https://img.pokemondb.net/sprites/scarlet-violet/icon/pikachu-lets-go.png, True, None
https://img.pokemondb.net/sprites/scarlet-violet/icon/raichu.png, True, None
https://img.pokemondb.net/sprites/scarlet-violet/icon/raichu-alolan.png, True, None
https://img.pokemondb.net/sprites/scarlet-violet/icon/sandshrew.png, True, None
https://img.pokemondb.net/sprites/scarlet-violet/icon/sandshrew-alolan.png, True, None
https://img.pokemondb.net/sprites/scarlet-violet/icon/sandslash.png, True, None
https://img.pokemondb.net/sprites/scarlet-violet/icon/sandslash-alolan.png, True, None
https://img.pokemondb.net/sprites/scarlet-violet/icon/nidoran-f.png, True, None
https://img.pokemondb.net/sprites/scarlet-violet/icon/nidorina.png, True, None
https://img.pokemondb.net/sprites/scarlet-violet/icon/nidoqueen.png, True, None
https://img.pokemondb.net/sprites/scarlet-violet/icon/nidoran-m.png, True, None
https://img.pokemondb.net/sprites/scarlet-violet/icon/nidorino.png, True, None
https://img.pokemondb.net/sprites/scarlet-violet/icon/nidoking.png, True, None
https://img.pokemondb.net/sprites/scarlet-violet/icon/clefairy.png, True, None
https://img.pokemondb.net/sprites/scarlet-violet/icon/clefable.png, True, None
https://img.pokemondb.net/sprites/scarlet-violet/icon/vulpix.png, True, None
https://img.pokemondb.net/sprites/scarlet-violet/icon/vulpix-alolan.png, True, None
https://img.pokemondb.net/sprites/scarlet-violet/icon/ninetales.png, True, None
https://img.pokemondb.net/sprites/scarlet-violet/icon/ninetales-alolan.png, True, None
https://img.pokemondb.net/sprites/scarlet-violet/icon/jigglypuff.png, True, None
https://img.pokemondb.net/sprites/scarlet-violet/icon/wigglytuff.png, True, None
https://img.pokemondb.net/sprites/scarlet-violet/icon/zubat.png, True, None
https://img.pokemondb.net/sprites/scarlet-violet/icon/golbat.png, True, None
https://img.pokemondb.net/sprites/scarlet-violet/icon/oddish.png, True, None
https://img.pokemondb.net/sprites/scarlet-violet/icon/gloom.png, True, None
https://img.pokemondb.net/sprites/scarlet-violet/icon/vileplume.png, True, None
https://img.pokemondb.net/sprites/scarlet-violet/icon/paras.png, True, None
https://img.pokemondb.net/sprites/scarlet-violet/icon/parasect.png, True, None
https://img.pokemondb.net/sprites/scarlet-violet/icon/venonat.png, True, None
https://img.pokemondb.net/sprites/scarlet-violet/icon/venomoth.png, True, None
https://img.pokemondb.net/sprites/scarlet-violet/icon/diglett.png, True, None
https://img.pokemondb.net/sprites/scarlet-violet/icon/diglett-alolan.png, True, None
https://img.pokemondb.net/sprites/scarlet-violet/icon/dugtrio.png, True, None
https://img.pokemondb.net/sprites/scarlet-violet/icon/dugtrio-alolan.png, True, None
https://img.pokemondb.net/sprites/scarlet-violet/icon/meowth.png, True, None
https://img.pokemondb.net/sprites/scarlet-violet/icon/meowth-alolan.png, True, None
https://img.pokemondb.net/sprites/scarlet-violet/icon/meowth-galarian.png, True, None
https://img.pokemondb.net/sprites/scarlet-violet/icon/persian.png, True, None
https://img.pokemondb.net/sprites/scarlet-violet/icon/persian-alolan.png, True, None
https://img.pokemondb.net/sprites/scarlet-violet/icon/psyduck.png, True, None
https://img.pokemondb.net/sprites/scarlet-violet/icon/golduck.png, True, None
https://img.pokemondb.net/sprites/scarlet-violet/icon/mankey.png, True, None
https://img.pokemondb.net/sprites/scarlet-violet/icon/primeape.png, True, None
https://img.pokemondb.net/sprites/scarlet-violet/icon/growlithe.png, True, None
https://img.pokemondb.net/sprites/scarlet-violet/icon/growlithe-hisuian.png, True, None
https://img.pokemondb.net/sprites/scarlet-violet/icon/arcanine.png, True, None
https://img.pokemondb.net/sprites/scarlet-violet/icon/arcanine-hisuian.png, True, None
https://img.pokemondb.net/sprites/scarlet-violet/icon/poliwag.png, True, None
https://img.pokemondb.net/sprites/scarlet-violet/icon/poliwhirl.png, True, None
https://img.pokemondb.net/sprites/scarlet-violet/icon/poliwrath.png, True, None
https://img.pokemondb.net/sprites/scarlet-violet/icon/abra.png, True, None
https://img.pokemondb.net/sprites/scarlet-violet/icon/kadabra.png, True, None
https://img.pokemondb.net/sprites/scarlet-violet/icon/alakazam.png, True, None
https://img.pokemondb.net/sprites/scarlet-violet/icon/alakazam-mega.png, True, None
https://img.pokemondb.net/sprites/scarlet-violet/icon/machop.png, True, None
https://img.pokemondb.net/sprites/scarlet-violet/icon/machoke.png, True, None
https://img.pokemondb.net/sprites/scarlet-violet/icon/machamp.png, True, None
https://img.pokemondb.net/sprites/scarlet-violet/icon/bellsprout.png, True, None
https://img.pokemondb.net/sprites/scarlet-violet/icon/weepinbell.png, True, None
https://img.pokemondb.net/sprites/scarlet-violet/icon/victreebel.png, True, None
https://img.pokemondb.net/sprites/scarlet-violet/icon/tentacool.png, True, None
https://img.pokemondb.net/sprites/scarlet-violet/icon/tentacruel.png, True, None
https://img.pokemondb.net/sprites/scarlet-violet/icon/geodude.png, True, None
https://img.pokemondb.net/sprites/scarlet-violet/icon/geodude-alolan.png, True, None
https://img.pokemondb.net/sprites/scarlet-violet/icon/graveler.png, True, None
https://img.pokemondb.net/sprites/scarlet-violet/icon/graveler-alolan.png, True, None
https://img.pokemondb.net/sprites/scarlet-violet/icon/golem.png, True, None
https://img.pokemondb.net/sprites/scarlet-violet/icon/golem-alolan.png, True, None
https://img.pokemondb.net/sprites/scarlet-violet/icon/ponyta.png, True, None
https://img.pokemondb.net/sprites/scarlet-violet/icon/ponyta-galarian.png, True, None
https://img.pokemondb.net/sprites/scarlet-violet/icon/rapidash.png, True, None
https://img.pokemondb.net/sprites/scarlet-violet/icon/rapidash-galarian.png, True, None
https://img.pokemondb.net/sprites/scarlet-violet/icon/slowpoke.png, True, None
https://img.pokemondb.net/sprites/scarlet-violet/icon/slowpoke-galarian.png, True, None
https://img.pokemondb.net/sprites/scarlet-violet/icon/slowbro.png, True, None
https://img.pokemondb.net/sprites/scarlet-violet/icon/slowbro-mega.png, True, None
https://img.pokemondb.net/sprites/scarlet-violet/icon/slowbro-galarian.png, True, None
https://img.pokemondb.net/sprites/scarlet-violet/icon/magnemite.png, True, None
https://img.pokemondb.net/sprites/scarlet-violet/icon/magneton.png, True, None
https://img.pokemondb.net/sprites/scarlet-violet/icon/farfetchd.png, True, None
https://img.pokemondb.net/sprites/scarlet-violet/icon/farfetchd-galarian.png, True, None
https://img.pokemondb.net/sprites/scarlet-violet/icon/doduo.png, True, None
https://img.pokemondb.net/sprites/scarlet-violet/icon/dodrio.png, True, None
https://img.pokemondb.net/sprites/scarlet-violet/icon/seel.png, True, None
https://img.pokemondb.net/sprites/scarlet-violet/icon/dewgong.png, True, None
https://img.pokemondb.net/sprites/scarlet-violet/icon/grimer.png, True, None
https://img.pokemondb.net/sprites/scarlet-violet/icon/grimer-alolan.png, True, None
https://img.pokemondb.net/sprites/scarlet-violet/icon/muk.png, True, None
https://img.pokemondb.net/sprites/scarlet-violet/icon/muk-alolan.png, True, None
https://img.pokemondb.net/sprites/scarlet-violet/icon/shellder.png, True, None
https://img.pokemondb.net/sprites/scarlet-violet/icon/cloyster.png, True, None
https://img.pokemondb.net/sprites/scarlet-violet/icon/gastly.png, True, None
https://img.pokemondb.net/sprites/scarlet-violet/icon/haunter.png, True, None
https://img.pokemondb.net/sprites/scarlet-violet/icon/gengar.png, True, None
https://img.pokemondb.net/sprites/scarlet-violet/icon/gengar-mega.png, True, None
https://img.pokemondb.net/sprites/scarlet-violet/icon/onix.png, True, None
https://img.pokemondb.net/sprites/scarlet-violet/icon/drowzee.png, True, None
https://img.pokemondb.net/sprites/scarlet-violet/icon/hypno.png, True, None
https://img.pokemondb.net/sprites/scarlet-violet/icon/krabby.png, True, None
https://img.pokemondb.net/sprites/scarlet-violet/icon/kingler.png, True, None
https://img.pokemondb.net/sprites/scarlet-violet/icon/voltorb.png, True, None
https://img.pokemondb.net/sprites/scarlet-violet/icon/voltorb-hisuian.png, True, None
https://img.pokemondb.net/sprites/scarlet-violet/icon/electrode.png, True, None
https://img.pokemondb.net/sprites/scarlet-violet/icon/electrode-hisuian.png, True, None
https://img.pokemondb.net/sprites/scarlet-violet/icon/exeggcute.png, True, None
https://img.pokemondb.net/sprites/scarlet-violet/icon/exeggutor.png, True, None
https://img.pokemondb.net/sprites/scarlet-violet/icon/exeggutor-alolan.png, True, None
https://img.pokemondb.net/sprites/scarlet-violet/icon/cubone.png, True, None
https://img.pokemondb.net/sprites/scarlet-violet/icon/marowak.png, True, None
https://img.pokemondb.net/sprites/scarlet-violet/icon/marowak-alolan.png, True, None
https://img.pokemondb.net/sprites/scarlet-violet/icon/hitmonlee.png, True, None
https://img.pokemondb.net/sprites/scarlet-violet/icon/hitmonchan.png, True, None
https://img.pokemondb.net/sprites/scarlet-violet/icon/lickitung.png, True, None
https://img.pokemondb.net/sprites/scarlet-violet/icon/koffing.png, True, None
https://img.pokemondb.net/sprites/scarlet-violet/icon/weezing.png, True, None
https://img.pokemondb.net/sprites/scarlet-violet/icon/weezing-galarian.png, True, None
https://img.pokemondb.net/sprites/scarlet-violet/icon/rhyhorn.png, True, None
https://img.pokemondb.net/sprites/scarlet-violet/icon/rhydon.png, True, None
https://img.pokemondb.net/sprites/scarlet-violet/icon/chansey.png, True, None
https://img.pokemondb.net/sprites/scarlet-violet/icon/tangela.png, True, None
https://img.pokemondb.net/sprites/scarlet-violet/icon/kangaskhan.png, True, None
https://img.pokemondb.net/sprites/scarlet-violet/icon/kangaskhan-mega.png, True, None
https://img.pokemondb.net/sprites/scarlet-violet/icon/horsea.png, True, None
https://img.pokemondb.net/sprites/scarlet-violet/icon/seadra.png, True, None
https://img.pokemondb.net/sprites/scarlet-violet/icon/goldeen.png, True, None
https://img.pokemondb.net/sprites/scarlet-violet/icon/seaking.png, True, None
https://img.pokemondb.net/sprites/scarlet-violet/icon/staryu.png, True, None
https://img.pokemondb.net/sprites/scarlet-violet/icon/starmie.png, True, None
https://img.pokemondb.net/sprites/scarlet-violet/icon/mr-mime.png, True, None
https://img.pokemondb.net/sprites/scarlet-violet/icon/mr-mime-galarian.png, True, None
https://img.pokemondb.net/sprites/scarlet-violet/icon/scyther.png, True, None
https://img.pokemondb.net/sprites/scarlet-violet/icon/jynx.png, True, None
https://img.pokemondb.net/sprites/scarlet-violet/icon/electabuzz.png, True, None
https://img.pokemondb.net/sprites/scarlet-violet/icon/magmar.png, True, None
https://img.pokemondb.net/sprites/scarlet-violet/icon/pinsir.png, True, None
https://img.pokemondb.net/sprites/scarlet-violet/icon/pinsir-mega.png, True, None
https://img.pokemondb.net/sprites/scarlet-violet/icon/tauros.png, True, None
https://img.pokemondb.net/sprites/scarlet-violet/icon/tauros-paldean-combat.png, True, None
https://img.pokemondb.net/sprites/scarlet-violet/icon/tauros-paldean-blaze.png, True, None
https://img.pokemondb.net/sprites/scarlet-violet/icon/tauros-paldean-aqua.png, True, None
https://img.pokemondb.net/sprites/scarlet-violet/icon/magikarp.png, True, None
https://img.pokemondb.net/sprites/scarlet-violet/icon/gyarados.png, True, None
https://img.pokemondb.net/sprites/scarlet-violet/icon/gyarados-mega.png, True, None
https://img.pokemondb.net/sprites/scarlet-violet/icon/lapras.png, True, None
https://img.pokemondb.net/sprites/scarlet-violet/icon/ditto.png, True, None
https://img.pokemondb.net/sprites/scarlet-violet/icon/eevee.png, True, None
https://img.pokemondb.net/sprites/scarlet-violet/icon/eevee-lets-go.png, True, None
https://img.pokemondb.net/sprites/scarlet-violet/icon/vaporeon.png, True, None
https://img.pokemondb.net/sprites/scarlet-violet/icon/jolteon.png, True, None
https://img.pokemondb.net/sprites/scarlet-violet/icon/flareon.png, True, None
https://img.pokemondb.net/sprites/scarlet-violet/icon/porygon.png, True, None
https://img.pokemondb.net/sprites/scarlet-violet/icon/omanyte.png, True, None
https://img.pokemondb.net/sprites/scarlet-violet/icon/omastar.png, True, None
https://img.pokemondb.net/sprites/scarlet-violet/icon/kabuto.png, True, None
https://img.pokemondb.net/sprites/scarlet-violet/icon/kabutops.png, True, None
https://img.pokemondb.net/sprites/scarlet-violet/icon/aerodactyl.png, True, None
https://img.pokemondb.net/sprites/scarlet-violet/icon/aerodactyl-mega.png, True, None
https://img.pokemondb.net/sprites/scarlet-violet/icon/snorlax.png, True, None
https://img.pokemondb.net/sprites/scarlet-violet/icon/articuno.png, True, None
https://img.pokemondb.net/sprites/scarlet-violet/icon/articuno-galarian.png, True, None
https://img.pokemondb.net/sprites/scarlet-violet/icon/zapdos.png, True, None
https://img.pokemondb.net/sprites/scarlet-violet/icon/zapdos-galarian.png, True, None
https://img.pokemondb.net/sprites/scarlet-violet/icon/moltres.png, True, None
https://img.pokemondb.net/sprites/scarlet-violet/icon/moltres-galarian.png, True, None
https://img.pokemondb.net/sprites/scarlet-violet/icon/dratini.png, True, None
https://img.pokemondb.net/sprites/scarlet-violet/icon/dragonair.png, True, None
https://img.pokemondb.net/sprites/scarlet-violet/icon/dragonite.png, True, None
https://img.pokemondb.net/sprites/scarlet-violet/icon/mewtwo.png, True, None
https://img.pokemondb.net/sprites/scarlet-violet/icon/mewtwo-mega-x.png, True, None
https://img.pokemondb.net/sprites/scarlet-violet/icon/mewtwo-mega-y.png, True, None
https://img.pokemondb.net/sprites/scarlet-violet/icon/mew.png, True, None
https://img.pokemondb.net/sprites/scarlet-violet/icon/chikorita.png, True, None
https://img.pokemondb.net/sprites/scarlet-violet/icon/bayleef.png, True, None
https://img.pokemondb.net/sprites/scarlet-violet/icon/meganium.png, True, None
https://img.pokemondb.net/sprites/scarlet-violet/icon/cyndaquil.png, True, None
https://img.pokemondb.net/sprites/scarlet-violet/icon/quilava.png, True, None
https://img.pokemondb.net/sprites/scarlet-violet/icon/typhlosion.png, True, None
https://img.pokemondb.net/sprites/scarlet-violet/icon/typhlosion-hisuian.png, True, None
https://img.pokemondb.net/sprites/scarlet-violet/icon/totodile.png, True, None
https://img.pokemondb.net/sprites/scarlet-violet/icon/croconaw.png, True, None
https://img.pokemondb.net/sprites/scarlet-violet/icon/feraligatr.png, True, None
https://img.pokemondb.net/sprites/scarlet-violet/icon/sentret.png, True, None
https://img.pokemondb.net/sprites/scarlet-violet/icon/furret.png, True, None
https://img.pokemondb.net/sprites/scarlet-violet/icon/hoothoot.png, True, None
https://img.pokemondb.net/sprites/scarlet-violet/icon/noctowl.png, True, None
https://img.pokemondb.net/sprites/scarlet-violet/icon/ledyba.png, True, None
https://img.pokemondb.net/sprites/scarlet-violet/icon/ledian.png, True, None
https://img.pokemondb.net/sprites/scarlet-violet/icon/spinarak.png, True, None
https://img.pokemondb.net/sprites/scarlet-violet/icon/ariados.png, True, None
https://img.pokemondb.net/sprites/scarlet-violet/icon/crobat.png, True, None
https://img.pokemondb.net/sprites/scarlet-violet/icon/chinchou.png, True, None
https://img.pokemondb.net/sprites/scarlet-violet/icon/lanturn.png, True, None
https://img.pokemondb.net/sprites/scarlet-violet/icon/pichu.png, True, None
https://img.pokemondb.net/sprites/scarlet-violet/icon/cleffa.png, True, None
https://img.pokemondb.net/sprites/scarlet-violet/icon/igglybuff.png, True, None
https://img.pokemondb.net/sprites/scarlet-violet/icon/togepi.png, True, None
https://img.pokemondb.net/sprites/scarlet-violet/icon/togetic.png, True, None
https://img.pokemondb.net/sprites/scarlet-violet/icon/natu.png, True, None
https://img.pokemondb.net/sprites/scarlet-violet/icon/xatu.png, True, None
https://img.pokemondb.net/sprites/scarlet-violet/icon/mareep.png, True, None
https://img.pokemondb.net/sprites/scarlet-violet/icon/flaaffy.png, True, None
https://img.pokemondb.net/sprites/scarlet-violet/icon/ampharos.png, True, None
https://img.pokemondb.net/sprites/scarlet-violet/icon/ampharos-mega.png, True, None
https://img.pokemondb.net/sprites/scarlet-violet/icon/bellossom.png, True, None
https://img.pokemondb.net/sprites/scarlet-violet/icon/marill.png, True, None
https://img.pokemondb.net/sprites/scarlet-violet/icon/azumarill.png, True, None
https://img.pokemondb.net/sprites/scarlet-violet/icon/sudowoodo.png, True, None
https://img.pokemondb.net/sprites/scarlet-violet/icon/politoed.png, True, None
https://img.pokemondb.net/sprites/scarlet-violet/icon/hoppip.png, True, None
https://img.pokemondb.net/sprites/scarlet-violet/icon/skiploom.png, True, None
https://img.pokemondb.net/sprites/scarlet-violet/icon/jumpluff.png, True, None
https://img.pokemondb.net/sprites/scarlet-violet/icon/aipom.png, True, None
https://img.pokemondb.net/sprites/scarlet-violet/icon/sunkern.png, True, None
https://img.pokemondb.net/sprites/scarlet-violet/icon/sunflora.png, True, None
https://img.pokemondb.net/sprites/scarlet-violet/icon/yanma.png, True, None
https://img.pokemondb.net/sprites/scarlet-violet/icon/wooper.png, True, None
https://img.pokemondb.net/sprites/scarlet-violet/icon/wooper-paldean.png, True, None
https://img.pokemondb.net/sprites/scarlet-violet/icon/quagsire.png, True, None
https://img.pokemondb.net/sprites/scarlet-violet/icon/espeon.png, True, None
https://img.pokemondb.net/sprites/scarlet-violet/icon/umbreon.png, True, None
https://img.pokemondb.net/sprites/scarlet-violet/icon/murkrow.png, True, None
https://img.pokemondb.net/sprites/scarlet-violet/icon/slowking.png, True, None
https://img.pokemondb.net/sprites/scarlet-violet/icon/slowking-galarian.png, True, None
https://img.pokemondb.net/sprites/scarlet-violet/icon/misdreavus.png, True, None
https://img.pokemondb.net/sprites/scarlet-violet/icon/unown.png, True, None
https://img.pokemondb.net/sprites/scarlet-violet/icon/wobbuffet.png, True, None
https://img.pokemondb.net/sprites/scarlet-violet/icon/girafarig.png, True, None
https://img.pokemondb.net/sprites/scarlet-violet/icon/pineco.png, True, None
https://img.pokemondb.net/sprites/scarlet-violet/icon/forretress.png, True, None
https://img.pokemondb.net/sprites/scarlet-violet/icon/dunsparce.png, True, None
https://img.pokemondb.net/sprites/scarlet-violet/icon/gligar.png, True, None
https://img.pokemondb.net/sprites/scarlet-violet/icon/steelix.png, True, None
https://img.pokemondb.net/sprites/scarlet-violet/icon/steelix-mega.png, True, None
https://img.pokemondb.net/sprites/scarlet-violet/icon/snubbull.png, True, None
https://img.pokemondb.net/sprites/scarlet-violet/icon/granbull.png, True, None
https://img.pokemondb.net/sprites/scarlet-violet/icon/qwilfish.png, True, None
https://img.pokemondb.net/sprites/scarlet-violet/icon/qwilfish-hisuian.png, True, None
https://img.pokemondb.net/sprites/scarlet-violet/icon/scizor.png, True, None
https://img.pokemondb.net/sprites/scarlet-violet/icon/scizor-mega.png, True, None
https://img.pokemondb.net/sprites/scarlet-violet/icon/shuckle.png, True, None
https://img.pokemondb.net/sprites/scarlet-violet/icon/heracross.png, True, None
https://img.pokemondb.net/sprites/scarlet-violet/icon/heracross-mega.png, True, None
https://img.pokemondb.net/sprites/scarlet-violet/icon/sneasel.png, True, None
https://img.pokemondb.net/sprites/scarlet-violet/icon/sneasel-hisuian.png, True, None
https://img.pokemondb.net/sprites/scarlet-violet/icon/teddiursa.png, True, None
https://img.pokemondb.net/sprites/scarlet-violet/icon/ursaring.png, True, None
https://img.pokemondb.net/sprites/scarlet-violet/icon/slugma.png, True, None
https://img.pokemondb.net/sprites/scarlet-violet/icon/magcargo.png, True, None
https://img.pokemondb.net/sprites/scarlet-violet/icon/swinub.png, True, None
https://img.pokemondb.net/sprites/scarlet-violet/icon/piloswine.png, True, None
https://img.pokemondb.net/sprites/scarlet-violet/icon/corsola.png, True, None
https://img.pokemondb.net/sprites/scarlet-violet/icon/corsola-galarian.png, True, None
https://img.pokemondb.net/sprites/scarlet-violet/icon/remoraid.png, True, None
https://img.pokemondb.net/sprites/scarlet-violet/icon/octillery.png, True, None
https://img.pokemondb.net/sprites/scarlet-violet/icon/delibird.png, True, None
https://img.pokemondb.net/sprites/scarlet-violet/icon/mantine.png, True, None
https://img.pokemondb.net/sprites/scarlet-violet/icon/skarmory.png, True, None
https://img.pokemondb.net/sprites/scarlet-violet/icon/houndour.png, True, None
https://img.pokemondb.net/sprites/scarlet-violet/icon/houndoom.png, True, None
https://img.pokemondb.net/sprites/scarlet-violet/icon/houndoom-mega.png, True, None
https://img.pokemondb.net/sprites/scarlet-violet/icon/kingdra.png, True, None
https://img.pokemondb.net/sprites/scarlet-violet/icon/phanpy.png, True, None
https://img.pokemondb.net/sprites/scarlet-violet/icon/donphan.png, True, None
https://img.pokemondb.net/sprites/scarlet-violet/icon/porygon2.png, True, None
https://img.pokemondb.net/sprites/scarlet-violet/icon/stantler.png, True, None
https://img.pokemondb.net/sprites/scarlet-violet/icon/smeargle.png, True, None
https://img.pokemondb.net/sprites/scarlet-violet/icon/tyrogue.png, True, None
https://img.pokemondb.net/sprites/scarlet-violet/icon/hitmontop.png, True, None
https://img.pokemondb.net/sprites/scarlet-violet/icon/smoochum.png, True, None
https://img.pokemondb.net/sprites/scarlet-violet/icon/elekid.png, True, None
https://img.pokemondb.net/sprites/scarlet-violet/icon/magby.png, True, None
https://img.pokemondb.net/sprites/scarlet-violet/icon/miltank.png, True, None
https://img.pokemondb.net/sprites/scarlet-violet/icon/blissey.png, True, None
https://img.pokemondb.net/sprites/scarlet-violet/icon/raikou.png, True, None
https://img.pokemondb.net/sprites/scarlet-violet/icon/entei.png, True, None
https://img.pokemondb.net/sprites/scarlet-violet/icon/suicune.png, True, None
https://img.pokemondb.net/sprites/scarlet-violet/icon/larvitar.png, True, None
https://img.pokemondb.net/sprites/scarlet-violet/icon/pupitar.png, True, None
https://img.pokemondb.net/sprites/scarlet-violet/icon/tyranitar.png, True, None
https://img.pokemondb.net/sprites/scarlet-violet/icon/tyranitar-mega.png, True, None
https://img.pokemondb.net/sprites/scarlet-violet/icon/lugia.png, True, None
https://img.pokemondb.net/sprites/scarlet-violet/icon/ho-oh.png, True, None
https://img.pokemondb.net/sprites/scarlet-violet/icon/celebi.png, True, None
https://img.pokemondb.net/sprites/scarlet-violet/icon/treecko.png, True, None
https://img.pokemondb.net/sprites/scarlet-violet/icon/grovyle.png, True, None
https://img.pokemondb.net/sprites/scarlet-violet/icon/sceptile.png, True, None
https://img.pokemondb.net/sprites/scarlet-violet/icon/sceptile-mega.png, True, None
https://img.pokemondb.net/sprites/scarlet-violet/icon/torchic.png, True, None
https://img.pokemondb.net/sprites/scarlet-violet/icon/combusken.png, True, None
https://img.pokemondb.net/sprites/scarlet-violet/icon/blaziken.png, True, None
https://img.pokemondb.net/sprites/scarlet-violet/icon/blaziken-mega.png, True, None
https://img.pokemondb.net/sprites/scarlet-violet/icon/mudkip.png, True, None
https://img.pokemondb.net/sprites/scarlet-violet/icon/marshtomp.png, True, None
https://img.pokemondb.net/sprites/scarlet-violet/icon/swampert.png, True, None
https://img.pokemondb.net/sprites/scarlet-violet/icon/swampert-mega.png, True, None
https://img.pokemondb.net/sprites/scarlet-violet/icon/poochyena.png, True, None
https://img.pokemondb.net/sprites/scarlet-violet/icon/mightyena.png, True, None
https://img.pokemondb.net/sprites/scarlet-violet/icon/zigzagoon.png, True, None
https://img.pokemondb.net/sprites/scarlet-violet/icon/zigzagoon-galarian.png, True, None
https://img.pokemondb.net/sprites/scarlet-violet/icon/linoone.png, True, None
https://img.pokemondb.net/sprites/scarlet-violet/icon/linoone-galarian.png, True, None
https://img.pokemondb.net/sprites/scarlet-violet/icon/wurmple.png, True, None
https://img.pokemondb.net/sprites/scarlet-violet/icon/silcoon.png, True, None
https://img.pokemondb.net/sprites/scarlet-violet/icon/beautifly.png, True, None
https://img.pokemondb.net/sprites/scarlet-violet/icon/cascoon.png, True, None
https://img.pokemondb.net/sprites/scarlet-violet/icon/dustox.png, True, None
https://img.pokemondb.net/sprites/scarlet-violet/icon/lotad.png, True, None
https://img.pokemondb.net/sprites/scarlet-violet/icon/lombre.png, True, None
https://img.pokemondb.net/sprites/scarlet-violet/icon/ludicolo.png, True, None
https://img.pokemondb.net/sprites/scarlet-violet/icon/seedot.png, True, None
https://img.pokemondb.net/sprites/scarlet-violet/icon/nuzleaf.png, True, None
https://img.pokemondb.net/sprites/scarlet-violet/icon/shiftry.png, True, None
https://img.pokemondb.net/sprites/scarlet-violet/icon/taillow.png, True, None
https://img.pokemondb.net/sprites/scarlet-violet/icon/swellow.png, True, None
https://img.pokemondb.net/sprites/scarlet-violet/icon/wingull.png, True, None
https://img.pokemondb.net/sprites/scarlet-violet/icon/pelipper.png, True, None
https://img.pokemondb.net/sprites/scarlet-violet/icon/ralts.png, True, None
https://img.pokemondb.net/sprites/scarlet-violet/icon/kirlia.png, True, None
https://img.pokemondb.net/sprites/scarlet-violet/icon/gardevoir.png, True, None
https://img.pokemondb.net/sprites/scarlet-violet/icon/gardevoir-mega.png, True, None
https://img.pokemondb.net/sprites/scarlet-violet/icon/surskit.png, True, None
https://img.pokemondb.net/sprites/scarlet-violet/icon/masquerain.png, True, None
https://img.pokemondb.net/sprites/scarlet-violet/icon/shroomish.png, True, None
https://img.pokemondb.net/sprites/scarlet-violet/icon/breloom.png, True, None
https://img.pokemondb.net/sprites/scarlet-violet/icon/slakoth.png, True, None
https://img.pokemondb.net/sprites/scarlet-violet/icon/vigoroth.png, True, None
https://img.pokemondb.net/sprites/scarlet-violet/icon/slaking.png, True, None
https://img.pokemondb.net/sprites/scarlet-violet/icon/nincada.png, True, None
https://img.pokemondb.net/sprites/scarlet-violet/icon/ninjask.png, True, None
https://img.pokemondb.net/sprites/scarlet-violet/icon/shedinja.png, True, None
https://img.pokemondb.net/sprites/scarlet-violet/icon/whismur.png, True, None
https://img.pokemondb.net/sprites/scarlet-violet/icon/loudred.png, True, None
https://img.pokemondb.net/sprites/scarlet-violet/icon/exploud.png, True, None
https://img.pokemondb.net/sprites/scarlet-violet/icon/makuhita.png, True, None
https://img.pokemondb.net/sprites/scarlet-violet/icon/hariyama.png, True, None
https://img.pokemondb.net/sprites/scarlet-violet/icon/azurill.png, True, None
https://img.pokemondb.net/sprites/scarlet-violet/icon/nosepass.png, True, None
https://img.pokemondb.net/sprites/scarlet-violet/icon/skitty.png, True, None
https://img.pokemondb.net/sprites/scarlet-violet/icon/delcatty.png, True, None
https://img.pokemondb.net/sprites/scarlet-violet/icon/sableye.png, True, None
https://img.pokemondb.net/sprites/scarlet-violet/icon/sableye-mega.png, True, None
https://img.pokemondb.net/sprites/scarlet-violet/icon/mawile.png, True, None
https://img.pokemondb.net/sprites/scarlet-violet/icon/mawile-mega.png, True, None
https://img.pokemondb.net/sprites/scarlet-violet/icon/aron.png, True, None
https://img.pokemondb.net/sprites/scarlet-violet/icon/lairon.png, True, None
https://img.pokemondb.net/sprites/scarlet-violet/icon/aggron.png, True, None
https://img.pokemondb.net/sprites/scarlet-violet/icon/aggron-mega.png, True, None
https://img.pokemondb.net/sprites/scarlet-violet/icon/meditite.png, True, None
https://img.pokemondb.net/sprites/scarlet-violet/icon/medicham.png, True, None
https://img.pokemondb.net/sprites/scarlet-violet/icon/medicham-mega.png, True, None
https://img.pokemondb.net/sprites/scarlet-violet/icon/electrike.png, True, None
https://img.pokemondb.net/sprites/scarlet-violet/icon/manectric.png, True, None
https://img.pokemondb.net/sprites/scarlet-violet/icon/manectric-mega.png, True, None
https://img.pokemondb.net/sprites/scarlet-violet/icon/plusle.png, True, None
https://img.pokemondb.net/sprites/scarlet-violet/icon/minun.png, True, None
https://img.pokemondb.net/sprites/scarlet-violet/icon/volbeat.png, True, None
https://img.pokemondb.net/sprites/scarlet-violet/icon/illumise.png, True, None
https://img.pokemondb.net/sprites/scarlet-violet/icon/roselia.png, True, None
https://img.pokemondb.net/sprites/scarlet-violet/icon/gulpin.png, True, None
https://img.pokemondb.net/sprites/scarlet-violet/icon/swalot.png, True, None
https://img.pokemondb.net/sprites/scarlet-violet/icon/carvanha.png, True, None
https://img.pokemondb.net/sprites/scarlet-violet/icon/sharpedo.png, True, None
https://img.pokemondb.net/sprites/scarlet-violet/icon/sharpedo-mega.png, True, None
https://img.pokemondb.net/sprites/scarlet-violet/icon/wailmer.png, True, None
https://img.pokemondb.net/sprites/scarlet-violet/icon/wailord.png, True, None
https://img.pokemondb.net/sprites/scarlet-violet/icon/numel.png, True, None
https://img.pokemondb.net/sprites/scarlet-violet/icon/camerupt.png, True, None
https://img.pokemondb.net/sprites/scarlet-violet/icon/camerupt-mega.png, True, None
https://img.pokemondb.net/sprites/scarlet-violet/icon/torkoal.png, True, None
https://img.pokemondb.net/sprites/scarlet-violet/icon/spoink.png, True, None
https://img.pokemondb.net/sprites/scarlet-violet/icon/grumpig.png, True, None
https://img.pokemondb.net/sprites/scarlet-violet/icon/spinda.png, True, None
https://img.pokemondb.net/sprites/scarlet-violet/icon/trapinch.png, True, None
https://img.pokemondb.net/sprites/scarlet-violet/icon/vibrava.png, True, None
https://img.pokemondb.net/sprites/scarlet-violet/icon/flygon.png, True, None
https://img.pokemondb.net/sprites/scarlet-violet/icon/cacnea.png, True, None
https://img.pokemondb.net/sprites/scarlet-violet/icon/cacturne.png, True, None
https://img.pokemondb.net/sprites/scarlet-violet/icon/swablu.png, True, None
https://img.pokemondb.net/sprites/scarlet-violet/icon/altaria.png, True, None
https://img.pokemondb.net/sprites/scarlet-violet/icon/altaria-mega.png, True, None
https://img.pokemondb.net/sprites/scarlet-violet/icon/zangoose.png, True, None
https://img.pokemondb.net/sprites/scarlet-violet/icon/seviper.png, True, None
https://img.pokemondb.net/sprites/scarlet-violet/icon/lunatone.png, True, None
https://img.pokemondb.net/sprites/scarlet-violet/icon/solrock.png, True, None
https://img.pokemondb.net/sprites/scarlet-violet/icon/barboach.png, True, None
https://img.pokemondb.net/sprites/scarlet-violet/icon/whiscash.png, True, None
https://img.pokemondb.net/sprites/scarlet-violet/icon/corphish.png, True, None
https://img.pokemondb.net/sprites/scarlet-violet/icon/crawdaunt.png, True, None
https://img.pokemondb.net/sprites/scarlet-violet/icon/baltoy.png, True, None
https://img.pokemondb.net/sprites/scarlet-violet/icon/claydol.png, True, None
https://img.pokemondb.net/sprites/scarlet-violet/icon/lileep.png, True, None
https://img.pokemondb.net/sprites/scarlet-violet/icon/cradily.png, True, None
https://img.pokemondb.net/sprites/scarlet-violet/icon/anorith.png, True, None
https://img.pokemondb.net/sprites/scarlet-violet/icon/armaldo.png, True, None
https://img.pokemondb.net/sprites/scarlet-violet/icon/feebas.png, True, None
https://img.pokemondb.net/sprites/scarlet-violet/icon/milotic.png, True, None
https://img.pokemondb.net/sprites/scarlet-violet/icon/castform.png, True, None
https://img.pokemondb.net/sprites/scarlet-violet/icon/castform-sunny.png, True, None
https://img.pokemondb.net/sprites/scarlet-violet/icon/castform-rainy.png, True, None
https://img.pokemondb.net/sprites/scarlet-violet/icon/castform-snowy.png, True, None
https://img.pokemondb.net/sprites/scarlet-violet/icon/kecleon.png, True, None
https://img.pokemondb.net/sprites/scarlet-violet/icon/shuppet.png, True, None
https://img.pokemondb.net/sprites/scarlet-violet/icon/banette.png, True, None
https://img.pokemondb.net/sprites/scarlet-violet/icon/banette-mega.png, True, None
https://img.pokemondb.net/sprites/scarlet-violet/icon/duskull.png, True, None
https://img.pokemondb.net/sprites/scarlet-violet/icon/dusclops.png, True, None
https://img.pokemondb.net/sprites/scarlet-violet/icon/tropius.png, True, None
https://img.pokemondb.net/sprites/scarlet-violet/icon/chimecho.png, True, None
https://img.pokemondb.net/sprites/scarlet-violet/icon/absol.png, True, None
https://img.pokemondb.net/sprites/scarlet-violet/icon/absol-mega.png, True, None
https://img.pokemondb.net/sprites/scarlet-violet/icon/wynaut.png, True, None
https://img.pokemondb.net/sprites/scarlet-violet/icon/snorunt.png, True, None
https://img.pokemondb.net/sprites/scarlet-violet/icon/glalie.png, True, None
https://img.pokemondb.net/sprites/scarlet-violet/icon/glalie-mega.png, True, None
https://img.pokemondb.net/sprites/scarlet-violet/icon/spheal.png, True, None
https://img.pokemondb.net/sprites/scarlet-violet/icon/sealeo.png, True, None
https://img.pokemondb.net/sprites/scarlet-violet/icon/walrein.png, True, None
https://img.pokemondb.net/sprites/scarlet-violet/icon/clamperl.png, True, None
https://img.pokemondb.net/sprites/scarlet-violet/icon/huntail.png, True, None
https://img.pokemondb.net/sprites/scarlet-violet/icon/gorebyss.png, True, None
https://img.pokemondb.net/sprites/scarlet-violet/icon/relicanth.png, True, None
https://img.pokemondb.net/sprites/scarlet-violet/icon/luvdisc.png, True, None
https://img.pokemondb.net/sprites/scarlet-violet/icon/bagon.png, True, None
https://img.pokemondb.net/sprites/scarlet-violet/icon/shelgon.png, True, None
https://img.pokemondb.net/sprites/scarlet-violet/icon/salamence.png, True, None
https://img.pokemondb.net/sprites/scarlet-violet/icon/salamence-mega.png, True, None
https://img.pokemondb.net/sprites/scarlet-violet/icon/beldum.png, True, None
https://img.pokemondb.net/sprites/scarlet-violet/icon/metang.png, True, None
https://img.pokemondb.net/sprites/scarlet-violet/icon/metagross.png, True, None
https://img.pokemondb.net/sprites/scarlet-violet/icon/metagross-mega.png, True, None
https://img.pokemondb.net/sprites/scarlet-violet/icon/regirock.png, True, None
https://img.pokemondb.net/sprites/scarlet-violet/icon/regice.png, True, None
https://img.pokemondb.net/sprites/scarlet-violet/icon/registeel.png, True, None
https://img.pokemondb.net/sprites/scarlet-violet/icon/latias.png, True, None
https://img.pokemondb.net/sprites/scarlet-violet/icon/latias-mega.png, True, None
https://img.pokemondb.net/sprites/scarlet-violet/icon/latios.png, True, None
https://img.pokemondb.net/sprites/scarlet-violet/icon/latios-mega.png, True, None
https://img.pokemondb.net/sprites/scarlet-violet/icon/kyogre.png, True, None
https://img.pokemondb.net/sprites/scarlet-violet/icon/kyogre-primal.png, True, None
https://img.pokemondb.net/sprites/scarlet-violet/icon/groudon.png, True, None
https://img.pokemondb.net/sprites/scarlet-violet/icon/groudon-primal.png, True, None
https://img.pokemondb.net/sprites/scarlet-violet/icon/rayquaza.png, True, None
https://img.pokemondb.net/sprites/scarlet-violet/icon/rayquaza-mega.png, True, None
https://img.pokemondb.net/sprites/scarlet-violet/icon/jirachi.png, True, None
https://img.pokemondb.net/sprites/scarlet-violet/icon/deoxys-normal.png, True, None
https://img.pokemondb.net/sprites/scarlet-violet/icon/deoxys-attack.png, True, None
https://img.pokemondb.net/sprites/scarlet-violet/icon/deoxys-defense.png, True, None
https://img.pokemondb.net/sprites/scarlet-violet/icon/deoxys-speed.png, True, None
https://img.pokemondb.net/sprites/scarlet-violet/icon/turtwig.png, True, None
https://img.pokemondb.net/sprites/scarlet-violet/icon/grotle.png, True, None
https://img.pokemondb.net/sprites/scarlet-violet/icon/torterra.png, True, None
https://img.pokemondb.net/sprites/scarlet-violet/icon/chimchar.png, True, None
https://img.pokemondb.net/sprites/scarlet-violet/icon/monferno.png, True, None
https://img.pokemondb.net/sprites/scarlet-violet/icon/infernape.png, True, None
https://img.pokemondb.net/sprites/scarlet-violet/icon/piplup.png, True, None
https://img.pokemondb.net/sprites/scarlet-violet/icon/prinplup.png, True, None
https://img.pokemondb.net/sprites/scarlet-violet/icon/empoleon.png, True, None
https://img.pokemondb.net/sprites/scarlet-violet/icon/starly.png, True, None
https://img.pokemondb.net/sprites/scarlet-violet/icon/staravia.png, True, None
https://img.pokemondb.net/sprites/scarlet-violet/icon/staraptor.png, True, None
https://img.pokemondb.net/sprites/scarlet-violet/icon/bidoof.png, True, None
https://img.pokemondb.net/sprites/scarlet-violet/icon/bibarel.png, True, None
https://img.pokemondb.net/sprites/scarlet-violet/icon/kricketot.png, True, None
https://img.pokemondb.net/sprites/scarlet-violet/icon/kricketune.png, True, None
https://img.pokemondb.net/sprites/scarlet-violet/icon/shinx.png, True, None
https://img.pokemondb.net/sprites/scarlet-violet/icon/luxio.png, True, None
https://img.pokemondb.net/sprites/scarlet-violet/icon/luxray.png, True, None
https://img.pokemondb.net/sprites/scarlet-violet/icon/budew.png, True, None
https://img.pokemondb.net/sprites/scarlet-violet/icon/roserade.png, True, None
https://img.pokemondb.net/sprites/scarlet-violet/icon/cranidos.png, True, None
https://img.pokemondb.net/sprites/scarlet-violet/icon/rampardos.png, True, None
https://img.pokemondb.net/sprites/scarlet-violet/icon/shieldon.png, True, None
https://img.pokemondb.net/sprites/scarlet-violet/icon/bastiodon.png, True, None
https://img.pokemondb.net/sprites/scarlet-violet/icon/burmy-plant.png, True, None
https://img.pokemondb.net/sprites/scarlet-violet/icon/burmy-sandy.png, True, None
https://img.pokemondb.net/sprites/scarlet-violet/icon/burmy-trash.png, True, None
https://img.pokemondb.net/sprites/scarlet-violet/icon/wormadam-plant.png, True, None
https://img.pokemondb.net/sprites/scarlet-violet/icon/wormadam-sandy.png, True, None
https://img.pokemondb.net/sprites/scarlet-violet/icon/wormadam-trash.png, True, None
https://img.pokemondb.net/sprites/scarlet-violet/icon/mothim.png, True, None
https://img.pokemondb.net/sprites/scarlet-violet/icon/combee.png, True, None
https://img.pokemondb.net/sprites/scarlet-violet/icon/vespiquen.png, True, None
https://img.pokemondb.net/sprites/scarlet-violet/icon/pachirisu.png, True, None
https://img.pokemondb.net/sprites/scarlet-violet/icon/buizel.png, True, None
https://img.pokemondb.net/sprites/scarlet-violet/icon/floatzel.png, True, None
https://img.pokemondb.net/sprites/scarlet-violet/icon/cherubi.png, True, None
https://img.pokemondb.net/sprites/scarlet-violet/icon/cherrim.png, True, None
https://img.pokemondb.net/sprites/scarlet-violet/icon/shellos.png, True, None
https://img.pokemondb.net/sprites/scarlet-violet/icon/gastrodon.png, True, None
https://img.pokemondb.net/sprites/scarlet-violet/icon/ambipom.png, True, None
https://img.pokemondb.net/sprites/scarlet-violet/icon/drifloon.png, True, None
https://img.pokemondb.net/sprites/scarlet-violet/icon/drifblim.png, True, None
https://img.pokemondb.net/sprites/scarlet-violet/icon/buneary.png, True, None
https://img.pokemondb.net/sprites/scarlet-violet/icon/lopunny.png, True, None
https://img.pokemondb.net/sprites/scarlet-violet/icon/lopunny-mega.png, True, None
https://img.pokemondb.net/sprites/scarlet-violet/icon/mismagius.png, True, None
https://img.pokemondb.net/sprites/scarlet-violet/icon/honchkrow.png, True, None
https://img.pokemondb.net/sprites/scarlet-violet/icon/glameow.png, True, None
https://img.pokemondb.net/sprites/scarlet-violet/icon/purugly.png, True, None
https://img.pokemondb.net/sprites/scarlet-violet/icon/chingling.png, True, None
https://img.pokemondb.net/sprites/scarlet-violet/icon/stunky.png, True, None
https://img.pokemondb.net/sprites/scarlet-violet/icon/skuntank.png, True, None
https://img.pokemondb.net/sprites/scarlet-violet/icon/bronzor.png, True, None
https://img.pokemondb.net/sprites/scarlet-violet/icon/bronzong.png, True, None
https://img.pokemondb.net/sprites/scarlet-violet/icon/bonsly.png, True, None
https://img.pokemondb.net/sprites/scarlet-violet/icon/mime-jr.png, True, None
https://img.pokemondb.net/sprites/scarlet-violet/icon/happiny.png, True, None
https://img.pokemondb.net/sprites/scarlet-violet/icon/chatot.png, True, None
https://img.pokemondb.net/sprites/scarlet-violet/icon/spiritomb.png, True, None
https://img.pokemondb.net/sprites/scarlet-violet/icon/gible.png, True, None
https://img.pokemondb.net/sprites/scarlet-violet/icon/gabite.png, True, None
https://img.pokemondb.net/sprites/scarlet-violet/icon/garchomp.png, True, None
https://img.pokemondb.net/sprites/scarlet-violet/icon/garchomp-mega.png, True, None
https://img.pokemondb.net/sprites/scarlet-violet/icon/munchlax.png, True, None
https://img.pokemondb.net/sprites/scarlet-violet/icon/riolu.png, True, None
https://img.pokemondb.net/sprites/scarlet-violet/icon/lucario.png, True, None
https://img.pokemondb.net/sprites/scarlet-violet/icon/lucario-mega.png, True, None
https://img.pokemondb.net/sprites/scarlet-violet/icon/hippopotas.png, True, None
https://img.pokemondb.net/sprites/scarlet-violet/icon/hippowdon.png, True, None
https://img.pokemondb.net/sprites/scarlet-violet/icon/skorupi.png, True, None
https://img.pokemondb.net/sprites/scarlet-violet/icon/drapion.png, True, None
https://img.pokemondb.net/sprites/scarlet-violet/icon/croagunk.png, True, None
https://img.pokemondb.net/sprites/scarlet-violet/icon/toxicroak.png, True, None
https://img.pokemondb.net/sprites/scarlet-violet/icon/carnivine.png, True, None
https://img.pokemondb.net/sprites/scarlet-violet/icon/finneon.png, True, None
https://img.pokemondb.net/sprites/scarlet-violet/icon/lumineon.png, True, None
https://img.pokemondb.net/sprites/scarlet-violet/icon/mantyke.png, True, None
https://img.pokemondb.net/sprites/scarlet-violet/icon/snover.png, True, None
https://img.pokemondb.net/sprites/scarlet-violet/icon/abomasnow.png, True, None
https://img.pokemondb.net/sprites/scarlet-violet/icon/abomasnow-mega.png, True, None
https://img.pokemondb.net/sprites/scarlet-violet/icon/weavile.png, True, None
https://img.pokemondb.net/sprites/scarlet-violet/icon/magnezone.png, True, None
https://img.pokemondb.net/sprites/scarlet-violet/icon/lickilicky.png, True, None
https://img.pokemondb.net/sprites/scarlet-violet/icon/rhyperior.png, True, None
https://img.pokemondb.net/sprites/scarlet-violet/icon/tangrowth.png, True, None
https://img.pokemondb.net/sprites/scarlet-violet/icon/electivire.png, True, None
https://img.pokemondb.net/sprites/scarlet-violet/icon/magmortar.png, True, None
https://img.pokemondb.net/sprites/scarlet-violet/icon/togekiss.png, True, None
https://img.pokemondb.net/sprites/scarlet-violet/icon/yanmega.png, True, None
https://img.pokemondb.net/sprites/scarlet-violet/icon/leafeon.png, True, None
https://img.pokemondb.net/sprites/scarlet-violet/icon/glaceon.png, True, None
https://img.pokemondb.net/sprites/scarlet-violet/icon/gliscor.png, True, None
https://img.pokemondb.net/sprites/scarlet-violet/icon/mamoswine.png, True, None
https://img.pokemondb.net/sprites/scarlet-violet/icon/porygon-z.png, True, None
https://img.pokemondb.net/sprites/scarlet-violet/icon/gallade.png, True, None
https://img.pokemondb.net/sprites/scarlet-violet/icon/gallade-mega.png, True, None
https://img.pokemondb.net/sprites/scarlet-violet/icon/probopass.png, True, None
https://img.pokemondb.net/sprites/scarlet-violet/icon/dusknoir.png, True, None
https://img.pokemondb.net/sprites/scarlet-violet/icon/froslass.png, True, None
https://img.pokemondb.net/sprites/scarlet-violet/icon/rotom.png, True, None
https://img.pokemondb.net/sprites/scarlet-violet/icon/rotom-heat.png, True, None
https://img.pokemondb.net/sprites/scarlet-violet/icon/rotom-wash.png, True, None
https://img.pokemondb.net/sprites/scarlet-violet/icon/rotom-frost.png, True, None
https://img.pokemondb.net/sprites/scarlet-violet/icon/rotom-fan.png, True, None
https://img.pokemondb.net/sprites/scarlet-violet/icon/rotom-mow.png, True, None
https://img.pokemondb.net/sprites/scarlet-violet/icon/uxie.png, True, None
https://img.pokemondb.net/sprites/scarlet-violet/icon/mesprit.png, True, None
https://img.pokemondb.net/sprites/scarlet-violet/icon/azelf.png, True, None
https://img.pokemondb.net/sprites/scarlet-violet/icon/dialga.png, True, None
https://img.pokemondb.net/sprites/scarlet-violet/icon/dialga-origin.png, True, None
https://img.pokemondb.net/sprites/scarlet-violet/icon/palkia.png, True, None
https://img.pokemondb.net/sprites/scarlet-violet/icon/palkia-origin.png, True, None
https://img.pokemondb.net/sprites/scarlet-violet/icon/heatran.png, True, None
https://img.pokemondb.net/sprites/scarlet-violet/icon/regigigas.png, True, None
https://img.pokemondb.net/sprites/scarlet-violet/icon/giratina-altered.png, True, None
https://img.pokemondb.net/sprites/scarlet-violet/icon/giratina-origin.png, True, None
https://img.pokemondb.net/sprites/scarlet-violet/icon/cresselia.png, True, None
https://img.pokemondb.net/sprites/scarlet-violet/icon/phione.png, True, None
https://img.pokemondb.net/sprites/scarlet-violet/icon/manaphy.png, True, None
https://img.pokemondb.net/sprites/scarlet-violet/icon/darkrai.png, True, None
https://img.pokemondb.net/sprites/scarlet-violet/icon/shaymin-land.png, True, None
https://img.pokemondb.net/sprites/scarlet-violet/icon/shaymin-sky.png, True, None
https://img.pokemondb.net/sprites/scarlet-violet/icon/arceus.png, True, None
https://img.pokemondb.net/sprites/scarlet-violet/icon/victini.png, True, None
https://img.pokemondb.net/sprites/scarlet-violet/icon/snivy.png, True, None
https://img.pokemondb.net/sprites/scarlet-violet/icon/servine.png, True, None
https://img.pokemondb.net/sprites/scarlet-violet/icon/serperior.png, True, None
https://img.pokemondb.net/sprites/scarlet-violet/icon/tepig.png, True, None
https://img.pokemondb.net/sprites/scarlet-violet/icon/pignite.png, True, None
https://img.pokemondb.net/sprites/scarlet-violet/icon/emboar.png, True, None
https://img.pokemondb.net/sprites/scarlet-violet/icon/oshawott.png, True, None
https://img.pokemondb.net/sprites/scarlet-violet/icon/dewott.png, True, None
https://img.pokemondb.net/sprites/scarlet-violet/icon/samurott.png, True, None
https://img.pokemondb.net/sprites/scarlet-violet/icon/samurott-hisuian.png, True, None
https://img.pokemondb.net/sprites/scarlet-violet/icon/patrat.png, True, None
https://img.pokemondb.net/sprites/scarlet-violet/icon/watchog.png, True, None
https://img.pokemondb.net/sprites/scarlet-violet/icon/lillipup.png, True, None
https://img.pokemondb.net/sprites/scarlet-violet/icon/herdier.png, True, None
https://img.pokemondb.net/sprites/scarlet-violet/icon/stoutland.png, True, None
https://img.pokemondb.net/sprites/scarlet-violet/icon/purrloin.png, True, None
https://img.pokemondb.net/sprites/scarlet-violet/icon/liepard.png, True, None
https://img.pokemondb.net/sprites/scarlet-violet/icon/pansage.png, True, None
https://img.pokemondb.net/sprites/scarlet-violet/icon/simisage.png, True, None
https://img.pokemondb.net/sprites/scarlet-violet/icon/pansear.png, True, None
https://img.pokemondb.net/sprites/scarlet-violet/icon/simisear.png, True, None
https://img.pokemondb.net/sprites/scarlet-violet/icon/panpour.png, True, None
https://img.pokemondb.net/sprites/scarlet-violet/icon/simipour.png, True, None
https://img.pokemondb.net/sprites/scarlet-violet/icon/munna.png, True, None
https://img.pokemondb.net/sprites/scarlet-violet/icon/musharna.png, True, None
https://img.pokemondb.net/sprites/scarlet-violet/icon/pidove.png, True, None
https://img.pokemondb.net/sprites/scarlet-violet/icon/tranquill.png, True, None
https://img.pokemondb.net/sprites/scarlet-violet/icon/unfezant.png, True, None
https://img.pokemondb.net/sprites/scarlet-violet/icon/blitzle.png, True, None
https://img.pokemondb.net/sprites/scarlet-violet/icon/zebstrika.png, True, None
https://img.pokemondb.net/sprites/scarlet-violet/icon/roggenrola.png, True, None
https://img.pokemondb.net/sprites/scarlet-violet/icon/boldore.png, True, None
https://img.pokemondb.net/sprites/scarlet-violet/icon/gigalith.png, True, None
https://img.pokemondb.net/sprites/scarlet-violet/icon/woobat.png, True, None
https://img.pokemondb.net/sprites/scarlet-violet/icon/swoobat.png, True, None
https://img.pokemondb.net/sprites/scarlet-violet/icon/drilbur.png, True, None
https://img.pokemondb.net/sprites/scarlet-violet/icon/excadrill.png, True, None
https://img.pokemondb.net/sprites/scarlet-violet/icon/audino.png, True, None
https://img.pokemondb.net/sprites/scarlet-violet/icon/audino-mega.png, True, None
https://img.pokemondb.net/sprites/scarlet-violet/icon/timburr.png, True, None
https://img.pokemondb.net/sprites/scarlet-violet/icon/gurdurr.png, True, None
https://img.pokemondb.net/sprites/scarlet-violet/icon/conkeldurr.png, True, None
https://img.pokemondb.net/sprites/scarlet-violet/icon/tympole.png, True, None
https://img.pokemondb.net/sprites/scarlet-violet/icon/palpitoad.png, True, None
https://img.pokemondb.net/sprites/scarlet-violet/icon/seismitoad.png, True, None
https://img.pokemondb.net/sprites/scarlet-violet/icon/throh.png, True, None
https://img.pokemondb.net/sprites/scarlet-violet/icon/sawk.png, True, None
https://img.pokemondb.net/sprites/scarlet-violet/icon/sewaddle.png, True, None
https://img.pokemondb.net/sprites/scarlet-violet/icon/swadloon.png, True, None
https://img.pokemondb.net/sprites/scarlet-violet/icon/leavanny.png, True, None
https://img.pokemondb.net/sprites/scarlet-violet/icon/venipede.png, True, None
https://img.pokemondb.net/sprites/scarlet-violet/icon/whirlipede.png, True, None
https://img.pokemondb.net/sprites/scarlet-violet/icon/scolipede.png, True, None
https://img.pokemondb.net/sprites/scarlet-violet/icon/cottonee.png, True, None
https://img.pokemondb.net/sprites/scarlet-violet/icon/whimsicott.png, True, None
https://img.pokemondb.net/sprites/scarlet-violet/icon/petilil.png, True, None
https://img.pokemondb.net/sprites/scarlet-violet/icon/lilligant.png, True, None
https://img.pokemondb.net/sprites/scarlet-violet/icon/lilligant-hisuian.png, True, None
https://img.pokemondb.net/sprites/scarlet-violet/icon/basculin-red-striped.png, True, None
https://img.pokemondb.net/sprites/scarlet-violet/icon/basculin-blue-striped.png, True, None
https://img.pokemondb.net/sprites/scarlet-violet/icon/basculin-white-striped.png, True, None
https://img.pokemondb.net/sprites/scarlet-violet/icon/sandile.png, True, None
https://img.pokemondb.net/sprites/scarlet-violet/icon/krokorok.png, True, None
https://img.pokemondb.net/sprites/scarlet-violet/icon/krookodile.png, True, None
https://img.pokemondb.net/sprites/scarlet-violet/icon/darumaka.png, True, None
https://img.pokemondb.net/sprites/scarlet-violet/icon/darumaka-galarian.png, True, None
https://img.pokemondb.net/sprites/scarlet-violet/icon/darmanitan-standard.png, True, None
https://img.pokemondb.net/sprites/scarlet-violet/icon/darmanitan-zen.png, True, None
https://img.pokemondb.net/sprites/scarlet-violet/icon/darmanitan-galarian-standard.png, True, None
https://img.pokemondb.net/sprites/scarlet-violet/icon/darmanitan-galarian-zen.png, True, None
https://img.pokemondb.net/sprites/scarlet-violet/icon/maractus.png, True, None
https://img.pokemondb.net/sprites/scarlet-violet/icon/dwebble.png, True, None
https://img.pokemondb.net/sprites/scarlet-violet/icon/crustle.png, True, None
https://img.pokemondb.net/sprites/scarlet-violet/icon/scraggy.png, True, None
https://img.pokemondb.net/sprites/scarlet-violet/icon/scrafty.png, True, None
https://img.pokemondb.net/sprites/scarlet-violet/icon/sigilyph.png, True, None
https://img.pokemondb.net/sprites/scarlet-violet/icon/yamask.png, True, None
https://img.pokemondb.net/sprites/scarlet-violet/icon/yamask-galarian.png, True, None
https://img.pokemondb.net/sprites/scarlet-violet/icon/cofagrigus.png, True, None
https://img.pokemondb.net/sprites/scarlet-violet/icon/tirtouga.png, True, None
https://img.pokemondb.net/sprites/scarlet-violet/icon/carracosta.png, True, None
https://img.pokemondb.net/sprites/scarlet-violet/icon/archen.png, True, None
https://img.pokemondb.net/sprites/scarlet-violet/icon/archeops.png, True, None
https://img.pokemondb.net/sprites/scarlet-violet/icon/trubbish.png, True, None
https://img.pokemondb.net/sprites/scarlet-violet/icon/garbodor.png, True, None
https://img.pokemondb.net/sprites/scarlet-violet/icon/zorua.png, True, None
https://img.pokemondb.net/sprites/scarlet-violet/icon/zorua-hisuian.png, True, None
https://img.pokemondb.net/sprites/scarlet-violet/icon/zoroark.png, True, None
https://img.pokemondb.net/sprites/scarlet-violet/icon/zoroark-hisuian.png, True, None
https://img.pokemondb.net/sprites/scarlet-violet/icon/minccino.png, True, None
https://img.pokemondb.net/sprites/scarlet-violet/icon/cinccino.png, True, None
https://img.pokemondb.net/sprites/scarlet-violet/icon/gothita.png, True, None
https://img.pokemondb.net/sprites/scarlet-violet/icon/gothorita.png, True, None
https://img.pokemondb.net/sprites/scarlet-violet/icon/gothitelle.png, True, None
https://img.pokemondb.net/sprites/scarlet-violet/icon/solosis.png, True, None
https://img.pokemondb.net/sprites/scarlet-violet/icon/duosion.png, True, None
https://img.pokemondb.net/sprites/scarlet-violet/icon/reuniclus.png, True, None
https://img.pokemondb.net/sprites/scarlet-violet/icon/ducklett.png, True, None
https://img.pokemondb.net/sprites/scarlet-violet/icon/swanna.png, True, None
https://img.pokemondb.net/sprites/scarlet-violet/icon/vanillite.png, True, None
https://img.pokemondb.net/sprites/scarlet-violet/icon/vanillish.png, True, None
https://img.pokemondb.net/sprites/scarlet-violet/icon/vanilluxe.png, True, None
https://img.pokemondb.net/sprites/scarlet-violet/icon/deerling.png, True, None
https://img.pokemondb.net/sprites/scarlet-violet/icon/sawsbuck.png, True, None
https://img.pokemondb.net/sprites/scarlet-violet/icon/emolga.png, True, None
https://img.pokemondb.net/sprites/scarlet-violet/icon/karrablast.png, True, None
https://img.pokemondb.net/sprites/scarlet-violet/icon/escavalier.png, True, None
https://img.pokemondb.net/sprites/scarlet-violet/icon/foongus.png, True, None
https://img.pokemondb.net/sprites/scarlet-violet/icon/amoonguss.png, True, None
https://img.pokemondb.net/sprites/scarlet-violet/icon/frillish.png, True, None
https://img.pokemondb.net/sprites/scarlet-violet/icon/jellicent.png, True, None
https://img.pokemondb.net/sprites/scarlet-violet/icon/alomomola.png, True, None
https://img.pokemondb.net/sprites/scarlet-violet/icon/joltik.png, True, None
https://img.pokemondb.net/sprites/scarlet-violet/icon/galvantula.png, True, None
https://img.pokemondb.net/sprites/scarlet-violet/icon/ferroseed.png, True, None
https://img.pokemondb.net/sprites/scarlet-violet/icon/ferrothorn.png, True, None
https://img.pokemondb.net/sprites/scarlet-violet/icon/klink.png, True, None
https://img.pokemondb.net/sprites/scarlet-violet/icon/klang.png, True, None
https://img.pokemondb.net/sprites/scarlet-violet/icon/klinklang.png, True, None
https://img.pokemondb.net/sprites/scarlet-violet/icon/tynamo.png, True, None
https://img.pokemondb.net/sprites/scarlet-violet/icon/eelektrik.png, True, None
https://img.pokemondb.net/sprites/scarlet-violet/icon/eelektross.png, True, None
https://img.pokemondb.net/sprites/scarlet-violet/icon/elgyem.png, True, None
https://img.pokemondb.net/sprites/scarlet-violet/icon/beheeyem.png, True, None
https://img.pokemondb.net/sprites/scarlet-violet/icon/litwick.png, True, None
https://img.pokemondb.net/sprites/scarlet-violet/icon/lampent.png, True, None
https://img.pokemondb.net/sprites/scarlet-violet/icon/chandelure.png, True, None
https://img.pokemondb.net/sprites/scarlet-violet/icon/axew.png, True, None
https://img.pokemondb.net/sprites/scarlet-violet/icon/fraxure.png, True, None
https://img.pokemondb.net/sprites/scarlet-violet/icon/haxorus.png, True, None
https://img.pokemondb.net/sprites/scarlet-violet/icon/cubchoo.png, True, None
https://img.pokemondb.net/sprites/scarlet-violet/icon/beartic.png, True, None
https://img.pokemondb.net/sprites/scarlet-violet/icon/cryogonal.png, True, None
https://img.pokemondb.net/sprites/scarlet-violet/icon/shelmet.png, True, None
https://img.pokemondb.net/sprites/scarlet-violet/icon/accelgor.png, True, None
https://img.pokemondb.net/sprites/scarlet-violet/icon/stunfisk.png, True, None
https://img.pokemondb.net/sprites/scarlet-violet/icon/stunfisk-galarian.png, True, None
https://img.pokemondb.net/sprites/scarlet-violet/icon/mienfoo.png, True, None
https://img.pokemondb.net/sprites/scarlet-violet/icon/mienshao.png, True, None
https://img.pokemondb.net/sprites/scarlet-violet/icon/druddigon.png, True, None
https://img.pokemondb.net/sprites/scarlet-violet/icon/golett.png, True, None
https://img.pokemondb.net/sprites/scarlet-violet/icon/golurk.png, True, None
https://img.pokemondb.net/sprites/scarlet-violet/icon/pawniard.png, True, None
https://img.pokemondb.net/sprites/scarlet-violet/icon/bisharp.png, True, None
https://img.pokemondb.net/sprites/scarlet-violet/icon/bouffalant.png, True, None
https://img.pokemondb.net/sprites/scarlet-violet/icon/rufflet.png, True, None
https://img.pokemondb.net/sprites/scarlet-violet/icon/braviary.png, True, None
https://img.pokemondb.net/sprites/scarlet-violet/icon/braviary-hisuian.png, True, None
https://img.pokemondb.net/sprites/scarlet-violet/icon/vullaby.png, True, None
https://img.pokemondb.net/sprites/scarlet-violet/icon/mandibuzz.png, True, None
https://img.pokemondb.net/sprites/scarlet-violet/icon/heatmor.png, True, None
https://img.pokemondb.net/sprites/scarlet-violet/icon/durant.png, True, None
https://img.pokemondb.net/sprites/scarlet-violet/icon/deino.png, True, None
https://img.pokemondb.net/sprites/scarlet-violet/icon/zweilous.png, True, None
https://img.pokemondb.net/sprites/scarlet-violet/icon/hydreigon.png, True, None
https://img.pokemondb.net/sprites/scarlet-violet/icon/larvesta.png, True, None
https://img.pokemondb.net/sprites/scarlet-violet/icon/volcarona.png, True, None
https://img.pokemondb.net/sprites/scarlet-violet/icon/cobalion.png, True, None
https://img.pokemondb.net/sprites/scarlet-violet/icon/terrakion.png, True, None
https://img.pokemondb.net/sprites/scarlet-violet/icon/virizion.png, True, None
https://img.pokemondb.net/sprites/scarlet-violet/icon/tornadus-incarnate.png, True, None
https://img.pokemondb.net/sprites/scarlet-violet/icon/tornadus-therian.png, True, None
https://img.pokemondb.net/sprites/scarlet-violet/icon/thundurus-incarnate.png, True, None
https://img.pokemondb.net/sprites/scarlet-violet/icon/thundurus-therian.png, True, None
https://img.pokemondb.net/sprites/scarlet-violet/icon/reshiram.png, True, None
https://img.pokemondb.net/sprites/scarlet-violet/icon/zekrom.png, True, None
https://img.pokemondb.net/sprites/scarlet-violet/icon/landorus-incarnate.png, True, None
https://img.pokemondb.net/sprites/scarlet-violet/icon/landorus-therian.png, True, None
https://img.pokemondb.net/sprites/scarlet-violet/icon/kyurem.png, True, None
https://img.pokemondb.net/sprites/scarlet-violet/icon/kyurem-white.png, True, None
https://img.pokemondb.net/sprites/scarlet-violet/icon/kyurem-black.png, True, None
https://img.pokemondb.net/sprites/scarlet-violet/icon/keldeo-ordinary.png, True, None
https://img.pokemondb.net/sprites/scarlet-violet/icon/keldeo-resolute.png, True, None
https://img.pokemondb.net/sprites/scarlet-violet/icon/meloetta-aria.png, True, None
https://img.pokemondb.net/sprites/scarlet-violet/icon/meloetta-pirouette.png, True, None
https://img.pokemondb.net/sprites/scarlet-violet/icon/genesect.png, True, None
https://img.pokemondb.net/sprites/scarlet-violet/icon/chespin.png, True, None
https://img.pokemondb.net/sprites/scarlet-violet/icon/quilladin.png, True, None
https://img.pokemondb.net/sprites/scarlet-violet/icon/chesnaught.png, True, None
https://img.pokemondb.net/sprites/scarlet-violet/icon/fennekin.png, True, None
https://img.pokemondb.net/sprites/scarlet-violet/icon/braixen.png, True, None
https://img.pokemondb.net/sprites/scarlet-violet/icon/delphox.png, True, None
https://img.pokemondb.net/sprites/scarlet-violet/icon/froakie.png, True, None
https://img.pokemondb.net/sprites/scarlet-violet/icon/frogadier.png, True, None
https://img.pokemondb.net/sprites/scarlet-violet/icon/greninja.png, True, None
https://img.pokemondb.net/sprites/scarlet-violet/icon/greninja-ash.png, True, None
https://img.pokemondb.net/sprites/scarlet-violet/icon/bunnelby.png, True, None
https://img.pokemondb.net/sprites/scarlet-violet/icon/diggersby.png, True, None
https://img.pokemondb.net/sprites/scarlet-violet/icon/fletchling.png, True, None
https://img.pokemondb.net/sprites/scarlet-violet/icon/fletchinder.png, True, None
https://img.pokemondb.net/sprites/scarlet-violet/icon/talonflame.png, True, None
https://img.pokemondb.net/sprites/scarlet-violet/icon/scatterbug.png, True, None
https://img.pokemondb.net/sprites/scarlet-violet/icon/spewpa.png, True, None
https://img.pokemondb.net/sprites/scarlet-violet/icon/vivillon.png, True, None
https://img.pokemondb.net/sprites/scarlet-violet/icon/litleo.png, True, None
https://img.pokemondb.net/sprites/scarlet-violet/icon/pyroar.png, True, None
https://img.pokemondb.net/sprites/scarlet-violet/icon/flabebe.png, True, None
https://img.pokemondb.net/sprites/scarlet-violet/icon/floette.png, True, None
https://img.pokemondb.net/sprites/scarlet-violet/icon/florges.png, True, None
https://img.pokemondb.net/sprites/scarlet-violet/icon/skiddo.png, True, None
https://img.pokemondb.net/sprites/scarlet-violet/icon/gogoat.png, True, None
https://img.pokemondb.net/sprites/scarlet-violet/icon/pancham.png, True, None
https://img.pokemondb.net/sprites/scarlet-violet/icon/pangoro.png, True, None
https://img.pokemondb.net/sprites/scarlet-violet/icon/furfrou.png, True, None
https://img.pokemondb.net/sprites/scarlet-violet/icon/espurr.png, True, None
https://img.pokemondb.net/sprites/scarlet-violet/icon/meowstic-male.png, True, None
https://img.pokemondb.net/sprites/scarlet-violet/icon/meowstic-female.png, True, None
https://img.pokemondb.net/sprites/scarlet-violet/icon/honedge.png, True, None
https://img.pokemondb.net/sprites/scarlet-violet/icon/doublade.png, True, None
https://img.pokemondb.net/sprites/scarlet-violet/icon/aegislash-shield.png, True, None
https://img.pokemondb.net/sprites/scarlet-violet/icon/aegislash-blade.png, True, None
https://img.pokemondb.net/sprites/scarlet-violet/icon/spritzee.png, True, None
https://img.pokemondb.net/sprites/scarlet-violet/icon/aromatisse.png, True, None
https://img.pokemondb.net/sprites/scarlet-violet/icon/swirlix.png, True, None
https://img.pokemondb.net/sprites/scarlet-violet/icon/slurpuff.png, True, None
https://img.pokemondb.net/sprites/scarlet-violet/icon/inkay.png, True, None
https://img.pokemondb.net/sprites/scarlet-violet/icon/malamar.png, True, None
https://img.pokemondb.net/sprites/scarlet-violet/icon/binacle.png, True, None
https://img.pokemondb.net/sprites/scarlet-violet/icon/barbaracle.png, True, None
https://img.pokemondb.net/sprites/scarlet-violet/icon/skrelp.png, True, None
https://img.pokemondb.net/sprites/scarlet-violet/icon/dragalge.png, True, None
https://img.pokemondb.net/sprites/scarlet-violet/icon/clauncher.png, True, None
https://img.pokemondb.net/sprites/scarlet-violet/icon/clawitzer.png, True, None
https://img.pokemondb.net/sprites/scarlet-violet/icon/helioptile.png, True, None
https://img.pokemondb.net/sprites/scarlet-violet/icon/heliolisk.png, True, None
https://img.pokemondb.net/sprites/scarlet-violet/icon/tyrunt.png, True, None
https://img.pokemondb.net/sprites/scarlet-violet/icon/tyrantrum.png, True, None
https://img.pokemondb.net/sprites/scarlet-violet/icon/amaura.png, True, None
https://img.pokemondb.net/sprites/scarlet-violet/icon/aurorus.png, True, None
https://img.pokemondb.net/sprites/scarlet-violet/icon/sylveon.png, True, None
https://img.pokemondb.net/sprites/scarlet-violet/icon/hawlucha.png, True, None
https://img.pokemondb.net/sprites/scarlet-violet/icon/dedenne.png, True, None
https://img.pokemondb.net/sprites/scarlet-violet/icon/carbink.png, True, None
https://img.pokemondb.net/sprites/scarlet-violet/icon/goomy.png, True, None
https://img.pokemondb.net/sprites/scarlet-violet/icon/sliggoo.png, True, None
https://img.pokemondb.net/sprites/scarlet-violet/icon/sliggoo-hisuian.png, True, None
https://img.pokemondb.net/sprites/scarlet-violet/icon/goodra.png, True, None
https://img.pokemondb.net/sprites/scarlet-violet/icon/goodra-hisuian.png, True, None
https://img.pokemondb.net/sprites/scarlet-violet/icon/klefki.png, True, None
https://img.pokemondb.net/sprites/scarlet-violet/icon/phantump.png, True, None
https://img.pokemondb.net/sprites/scarlet-violet/icon/trevenant.png, True, None
https://img.pokemondb.net/sprites/scarlet-violet/icon/pumpkaboo-average.png, True, None
https://img.pokemondb.net/sprites/scarlet-violet/icon/pumpkaboo-small.png, True, None
https://img.pokemondb.net/sprites/scarlet-violet/icon/pumpkaboo-large.png, True, None
https://img.pokemondb.net/sprites/scarlet-violet/icon/pumpkaboo-super.png, True, None
https://img.pokemondb.net/sprites/scarlet-violet/icon/gourgeist-average.png, True, None
https://img.pokemondb.net/sprites/scarlet-violet/icon/gourgeist-small.png, True, None
https://img.pokemondb.net/sprites/scarlet-violet/icon/gourgeist-large.png, True, None
https://img.pokemondb.net/sprites/scarlet-violet/icon/gourgeist-super.png, True, None
https://img.pokemondb.net/sprites/scarlet-violet/icon/bergmite.png, True, None
https://img.pokemondb.net/sprites/scarlet-violet/icon/avalugg.png, True, None
https://img.pokemondb.net/sprites/scarlet-violet/icon/avalugg-hisuian.png, True, None
https://img.pokemondb.net/sprites/scarlet-violet/icon/noibat.png, True, None
https://img.pokemondb.net/sprites/scarlet-violet/icon/noivern.png, True, None
https://img.pokemondb.net/sprites/scarlet-violet/icon/xerneas.png, True, None
https://img.pokemondb.net/sprites/scarlet-violet/icon/yveltal.png, True, None
https://img.pokemondb.net/sprites/scarlet-violet/icon/zygarde-50.png, True, None
https://img.pokemondb.net/sprites/scarlet-violet/icon/zygarde-10.png, True, None
https://img.pokemondb.net/sprites/scarlet-violet/icon/zygarde-complete.png, True, None
https://img.pokemondb.net/sprites/scarlet-violet/icon/diancie.png, True, None
https://img.pokemondb.net/sprites/scarlet-violet/icon/diancie-mega.png, True, None
https://img.pokemondb.net/sprites/scarlet-violet/icon/hoopa-confined.png, True, None
https://img.pokemondb.net/sprites/scarlet-violet/icon/hoopa-unbound.png, True, None
https://img.pokemondb.net/sprites/scarlet-violet/icon/volcanion.png, True, None
https://img.pokemondb.net/sprites/scarlet-violet/icon/rowlet.png, True, None
https://img.pokemondb.net/sprites/scarlet-violet/icon/dartrix.png, True, None
https://img.pokemondb.net/sprites/scarlet-violet/icon/decidueye.png, True, None
https://img.pokemondb.net/sprites/scarlet-violet/icon/decidueye-hisuian.png, True, None
https://img.pokemondb.net/sprites/scarlet-violet/icon/litten.png, True, None
https://img.pokemondb.net/sprites/scarlet-violet/icon/torracat.png, True, None
https://img.pokemondb.net/sprites/scarlet-violet/icon/incineroar.png, True, None
https://img.pokemondb.net/sprites/scarlet-violet/icon/popplio.png, True, None
https://img.pokemondb.net/sprites/scarlet-violet/icon/brionne.png, True, None
https://img.pokemondb.net/sprites/scarlet-violet/icon/primarina.png, True, None
https://img.pokemondb.net/sprites/scarlet-violet/icon/pikipek.png, True, None
https://img.pokemondb.net/sprites/scarlet-violet/icon/trumbeak.png, True, None
https://img.pokemondb.net/sprites/scarlet-violet/icon/toucannon.png, True, None
https://img.pokemondb.net/sprites/scarlet-violet/icon/yungoos.png, True, None
https://img.pokemondb.net/sprites/scarlet-violet/icon/gumshoos.png, True, None
https://img.pokemondb.net/sprites/scarlet-violet/icon/grubbin.png, True, None
https://img.pokemondb.net/sprites/scarlet-violet/icon/charjabug.png, True, None
https://img.pokemondb.net/sprites/scarlet-violet/icon/vikavolt.png, True, None
https://img.pokemondb.net/sprites/scarlet-violet/icon/crabrawler.png, True, None
https://img.pokemondb.net/sprites/scarlet-violet/icon/crabominable.png, True, None
https://img.pokemondb.net/sprites/scarlet-violet/icon/oricorio-baile.png, True, None
https://img.pokemondb.net/sprites/scarlet-violet/icon/oricorio-pom-pom.png, True, None
https://img.pokemondb.net/sprites/scarlet-violet/icon/oricorio-pau.png, True, None
https://img.pokemondb.net/sprites/scarlet-violet/icon/oricorio-sensu.png, True, None
https://img.pokemondb.net/sprites/scarlet-violet/icon/cutiefly.png, True, None
https://img.pokemondb.net/sprites/scarlet-violet/icon/ribombee.png, True, None
https://img.pokemondb.net/sprites/scarlet-violet/icon/rockruff.png, True, None
https://img.pokemondb.net/sprites/scarlet-violet/icon/rockruff-own-tempo.png, True, None
https://img.pokemondb.net/sprites/scarlet-violet/icon/lycanroc-midday.png, True, None
https://img.pokemondb.net/sprites/scarlet-violet/icon/lycanroc-midnight.png, True, None
https://img.pokemondb.net/sprites/scarlet-violet/icon/lycanroc-dusk.png, True, None
https://img.pokemondb.net/sprites/scarlet-violet/icon/wishiwashi-solo.png, True, None
https://img.pokemondb.net/sprites/scarlet-violet/icon/wishiwashi-school.png, True, None
https://img.pokemondb.net/sprites/scarlet-violet/icon/mareanie.png, True, None
https://img.pokemondb.net/sprites/scarlet-violet/icon/toxapex.png, True, None
https://img.pokemondb.net/sprites/scarlet-violet/icon/mudbray.png, True, None
https://img.pokemondb.net/sprites/scarlet-violet/icon/mudsdale.png, True, None
https://img.pokemondb.net/sprites/scarlet-violet/icon/dewpider.png, True, None
https://img.pokemondb.net/sprites/scarlet-violet/icon/araquanid.png, True, None
https://img.pokemondb.net/sprites/scarlet-violet/icon/fomantis.png, True, None
https://img.pokemondb.net/sprites/scarlet-violet/icon/lurantis.png, True, None
https://img.pokemondb.net/sprites/scarlet-violet/icon/morelull.png, True, None
https://img.pokemondb.net/sprites/scarlet-violet/icon/shiinotic.png, True, None
https://img.pokemondb.net/sprites/scarlet-violet/icon/salandit.png, True, None
https://img.pokemondb.net/sprites/scarlet-violet/icon/salazzle.png, True, None
https://img.pokemondb.net/sprites/scarlet-violet/icon/stufful.png, True, None
https://img.pokemondb.net/sprites/scarlet-violet/icon/bewear.png, True, None
https://img.pokemondb.net/sprites/scarlet-violet/icon/bounsweet.png, True, None
https://img.pokemondb.net/sprites/scarlet-violet/icon/steenee.png, True, None
https://img.pokemondb.net/sprites/scarlet-violet/icon/tsareena.png, True, None
https://img.pokemondb.net/sprites/scarlet-violet/icon/comfey.png, True, None
https://img.pokemondb.net/sprites/scarlet-violet/icon/oranguru.png, True, None
https://img.pokemondb.net/sprites/scarlet-violet/icon/passimian.png, True, None
https://img.pokemondb.net/sprites/scarlet-violet/icon/wimpod.png, True, None
https://img.pokemondb.net/sprites/scarlet-violet/icon/golisopod.png, True, None
https://img.pokemondb.net/sprites/scarlet-violet/icon/sandygast.png, True, None
https://img.pokemondb.net/sprites/scarlet-violet/icon/palossand.png, True, None
https://img.pokemondb.net/sprites/scarlet-violet/icon/pyukumuku.png, True, None
https://img.pokemondb.net/sprites/scarlet-violet/icon/type-null.png, True, None
https://img.pokemondb.net/sprites/scarlet-violet/icon/silvally.png, True, None
https://img.pokemondb.net/sprites/scarlet-violet/icon/minior-meteor.png, True, None
https://img.pokemondb.net/sprites/scarlet-violet/icon/minior-core.png, True, None
https://img.pokemondb.net/sprites/scarlet-violet/icon/komala.png, True, None
https://img.pokemondb.net/sprites/scarlet-violet/icon/turtonator.png, True, None
https://img.pokemondb.net/sprites/scarlet-violet/icon/togedemaru.png, True, None
https://img.pokemondb.net/sprites/scarlet-violet/icon/mimikyu.png, True, None
https://img.pokemondb.net/sprites/scarlet-violet/icon/bruxish.png, True, None
https://img.pokemondb.net/sprites/scarlet-violet/icon/drampa.png, True, None
https://img.pokemondb.net/sprites/scarlet-violet/icon/dhelmise.png, True, None
https://img.pokemondb.net/sprites/scarlet-violet/icon/jangmo-o.png, True, None
https://img.pokemondb.net/sprites/scarlet-violet/icon/hakamo-o.png, True, None
https://img.pokemondb.net/sprites/scarlet-violet/icon/kommo-o.png, True, None
https://img.pokemondb.net/sprites/scarlet-violet/icon/tapu-koko.png, True, None
https://img.pokemondb.net/sprites/scarlet-violet/icon/tapu-lele.png, True, None
https://img.pokemondb.net/sprites/scarlet-violet/icon/tapu-bulu.png, True, None
https://img.pokemondb.net/sprites/scarlet-violet/icon/tapu-fini.png, True, None
https://img.pokemondb.net/sprites/scarlet-violet/icon/cosmog.png, True, None
https://img.pokemondb.net/sprites/scarlet-violet/icon/cosmoem.png, True, None
https://img.pokemondb.net/sprites/scarlet-violet/icon/solgaleo.png, True, None
https://img.pokemondb.net/sprites/scarlet-violet/icon/lunala.png, True, None
https://img.pokemondb.net/sprites/scarlet-violet/icon/nihilego.png, True, None
https://img.pokemondb.net/sprites/scarlet-violet/icon/buzzwole.png, True, None
https://img.pokemondb.net/sprites/scarlet-violet/icon/pheromosa.png, True, None
https://img.pokemondb.net/sprites/scarlet-violet/icon/xurkitree.png, True, None
https://img.pokemondb.net/sprites/scarlet-violet/icon/celesteela.png, True, None
https://img.pokemondb.net/sprites/scarlet-violet/icon/kartana.png, True, None
https://img.pokemondb.net/sprites/scarlet-violet/icon/guzzlord.png, True, None
https://img.pokemondb.net/sprites/scarlet-violet/icon/necrozma.png, True, None
https://img.pokemondb.net/sprites/scarlet-violet/icon/necrozma-dusk-mane.png, True, None
https://img.pokemondb.net/sprites/scarlet-violet/icon/necrozma-dawn-wings.png, True, None
https://img.pokemondb.net/sprites/scarlet-violet/icon/necrozma-ultra.png, True, None
https://img.pokemondb.net/sprites/scarlet-violet/icon/magearna.png, True, None
https://img.pokemondb.net/sprites/scarlet-violet/icon/marshadow.png, True, None
https://img.pokemondb.net/sprites/scarlet-violet/icon/poipole.png, True, None
https://img.pokemondb.net/sprites/scarlet-violet/icon/naganadel.png, True, None
https://img.pokemondb.net/sprites/scarlet-violet/icon/stakataka.png, True, None
https://img.pokemondb.net/sprites/scarlet-violet/icon/blacephalon.png, True, None
https://img.pokemondb.net/sprites/scarlet-violet/icon/zeraora.png, True, None
https://img.pokemondb.net/sprites/scarlet-violet/icon/meltan.png, True, None
https://img.pokemondb.net/sprites/scarlet-violet/icon/melmetal.png, True, None
https://img.pokemondb.net/sprites/scarlet-violet/icon/grookey.png, True, None
https://img.pokemondb.net/sprites/scarlet-violet/icon/thwackey.png, True, None
https://img.pokemondb.net/sprites/scarlet-violet/icon/rillaboom.png, True, None
https://img.pokemondb.net/sprites/scarlet-violet/icon/scorbunny.png, True, None
https://img.pokemondb.net/sprites/scarlet-violet/icon/raboot.png, True, None
https://img.pokemondb.net/sprites/scarlet-violet/icon/cinderace.png, True, None
https://img.pokemondb.net/sprites/scarlet-violet/icon/sobble.png, True, None
https://img.pokemondb.net/sprites/scarlet-violet/icon/drizzile.png, True, None
https://img.pokemondb.net/sprites/scarlet-violet/icon/inteleon.png, True, None
https://img.pokemondb.net/sprites/scarlet-violet/icon/skwovet.png, True, None
https://img.pokemondb.net/sprites/scarlet-violet/icon/greedent.png, True, None
https://img.pokemondb.net/sprites/scarlet-violet/icon/rookidee.png, True, None
https://img.pokemondb.net/sprites/scarlet-violet/icon/corvisquire.png, True, None
https://img.pokemondb.net/sprites/scarlet-violet/icon/corviknight.png, True, None
https://img.pokemondb.net/sprites/scarlet-violet/icon/blipbug.png, True, None
https://img.pokemondb.net/sprites/scarlet-violet/icon/dottler.png, True, None
https://img.pokemondb.net/sprites/scarlet-violet/icon/orbeetle.png, True, None
https://img.pokemondb.net/sprites/scarlet-violet/icon/nickit.png, True, None
https://img.pokemondb.net/sprites/scarlet-violet/icon/thievul.png, True, None
https://img.pokemondb.net/sprites/scarlet-violet/icon/gossifleur.png, True, None
https://img.pokemondb.net/sprites/scarlet-violet/icon/eldegoss.png, True, None
https://img.pokemondb.net/sprites/scarlet-violet/icon/wooloo.png, True, None
https://img.pokemondb.net/sprites/scarlet-violet/icon/dubwool.png, True, None
https://img.pokemondb.net/sprites/scarlet-violet/icon/chewtle.png, True, None
https://img.pokemondb.net/sprites/scarlet-violet/icon/drednaw.png, True, None
https://img.pokemondb.net/sprites/scarlet-violet/icon/yamper.png, True, None
https://img.pokemondb.net/sprites/scarlet-violet/icon/boltund.png, True, None
https://img.pokemondb.net/sprites/scarlet-violet/icon/rolycoly.png, True, None
https://img.pokemondb.net/sprites/scarlet-violet/icon/carkol.png, True, None
https://img.pokemondb.net/sprites/scarlet-violet/icon/coalossal.png, True, None
https://img.pokemondb.net/sprites/scarlet-violet/icon/applin.png, True, None
https://img.pokemondb.net/sprites/scarlet-violet/icon/flapple.png, True, None
https://img.pokemondb.net/sprites/scarlet-violet/icon/appletun.png, True, None
https://img.pokemondb.net/sprites/scarlet-violet/icon/silicobra.png, True, None
https://img.pokemondb.net/sprites/scarlet-violet/icon/sandaconda.png, True, None
https://img.pokemondb.net/sprites/scarlet-violet/icon/cramorant.png, True, None
https://img.pokemondb.net/sprites/scarlet-violet/icon/arrokuda.png, True, None
https://img.pokemondb.net/sprites/scarlet-violet/icon/barraskewda.png, True, None
https://img.pokemondb.net/sprites/scarlet-violet/icon/toxel.png, True, None
https://img.pokemondb.net/sprites/scarlet-violet/icon/toxtricity-amped.png, True, None
https://img.pokemondb.net/sprites/scarlet-violet/icon/toxtricity-low-key.png, True, None
https://img.pokemondb.net/sprites/scarlet-violet/icon/sizzlipede.png, True, None
https://img.pokemondb.net/sprites/scarlet-violet/icon/centiskorch.png, True, None
https://img.pokemondb.net/sprites/scarlet-violet/icon/clobbopus.png, True, None
https://img.pokemondb.net/sprites/scarlet-violet/icon/grapploct.png, True, None
https://img.pokemondb.net/sprites/scarlet-violet/icon/sinistea.png, True, None
https://img.pokemondb.net/sprites/scarlet-violet/icon/polteageist.png, True, None
https://img.pokemondb.net/sprites/scarlet-violet/icon/hatenna.png, True, None
https://img.pokemondb.net/sprites/scarlet-violet/icon/hattrem.png, True, None
https://img.pokemondb.net/sprites/scarlet-violet/icon/hatterene.png, True, None
https://img.pokemondb.net/sprites/scarlet-violet/icon/impidimp.png, True, None
https://img.pokemondb.net/sprites/scarlet-violet/icon/morgrem.png, True, None
https://img.pokemondb.net/sprites/scarlet-violet/icon/grimmsnarl.png, True, None
https://img.pokemondb.net/sprites/scarlet-violet/icon/obstagoon.png, True, None
https://img.pokemondb.net/sprites/scarlet-violet/icon/perrserker.png, True, None
https://img.pokemondb.net/sprites/scarlet-violet/icon/cursola.png, True, None
https://img.pokemondb.net/sprites/scarlet-violet/icon/sirfetchd.png, True, None
https://img.pokemondb.net/sprites/scarlet-violet/icon/mr-rime.png, True, None
https://img.pokemondb.net/sprites/scarlet-violet/icon/runerigus.png, True, None
https://img.pokemondb.net/sprites/scarlet-violet/icon/milcery.png, True, None
https://img.pokemondb.net/sprites/scarlet-violet/icon/alcremie.png, True, None
https://img.pokemondb.net/sprites/scarlet-violet/icon/falinks.png, True, None
https://img.pokemondb.net/sprites/scarlet-violet/icon/pincurchin.png, True, None
https://img.pokemondb.net/sprites/scarlet-violet/icon/snom.png, True, None
https://img.pokemondb.net/sprites/scarlet-violet/icon/frosmoth.png, True, None
https://img.pokemondb.net/sprites/scarlet-violet/icon/stonjourner.png, True, None
https://img.pokemondb.net/sprites/scarlet-violet/icon/eiscue-ice.png, True, None
https://img.pokemondb.net/sprites/scarlet-violet/icon/eiscue-noice.png, True, None
https://img.pokemondb.net/sprites/scarlet-violet/icon/indeedee-male.png, True, None
https://img.pokemondb.net/sprites/scarlet-violet/icon/indeedee-female.png, True, None
https://img.pokemondb.net/sprites/scarlet-violet/icon/morpeko-full-belly.png, True, None
https://img.pokemondb.net/sprites/scarlet-violet/icon/morpeko-hangry.png, True, None
https://img.pokemondb.net/sprites/scarlet-violet/icon/cufant.png, True, None
https://img.pokemondb.net/sprites/scarlet-violet/icon/copperajah.png, True, None
https://img.pokemondb.net/sprites/scarlet-violet/icon/dracozolt.png, True, None
https://img.pokemondb.net/sprites/scarlet-violet/icon/arctozolt.png, True, None
https://img.pokemondb.net/sprites/scarlet-violet/icon/dracovish.png, True, None
https://img.pokemondb.net/sprites/scarlet-violet/icon/arctovish.png, True, None
https://img.pokemondb.net/sprites/scarlet-violet/icon/duraludon.png, True, None
https://img.pokemondb.net/sprites/scarlet-violet/icon/dreepy.png, True, None
https://img.pokemondb.net/sprites/scarlet-violet/icon/drakloak.png, True, None
https://img.pokemondb.net/sprites/scarlet-violet/icon/dragapult.png, True, None
https://img.pokemondb.net/sprites/scarlet-violet/icon/zacian-hero.png, True, None
https://img.pokemondb.net/sprites/scarlet-violet/icon/zacian-crowned.png, True, None
https://img.pokemondb.net/sprites/scarlet-violet/icon/zamazenta-hero.png, True, None
https://img.pokemondb.net/sprites/scarlet-violet/icon/zamazenta-crowned.png, True, None
https://img.pokemondb.net/sprites/scarlet-violet/icon/eternatus.png, True, None
https://img.pokemondb.net/sprites/scarlet-violet/icon/eternatus-eternamax.png, True, None
https://img.pokemondb.net/sprites/scarlet-violet/icon/kubfu.png, True, None
https://img.pokemondb.net/sprites/scarlet-violet/icon/urshifu-single-strike.png, True, None
https://img.pokemondb.net/sprites/scarlet-violet/icon/urshifu-rapid-strike.png, True, None
https://img.pokemondb.net/sprites/scarlet-violet/icon/zarude.png, True, None
https://img.pokemondb.net/sprites/scarlet-violet/icon/regieleki.png, True, None
https://img.pokemondb.net/sprites/scarlet-violet/icon/regidrago.png, True, None
https://img.pokemondb.net/sprites/scarlet-violet/icon/glastrier.png, True, None
https://img.pokemondb.net/sprites/scarlet-violet/icon/spectrier.png, True, None
https://img.pokemondb.net/sprites/scarlet-violet/icon/calyrex.png, True, None
https://img.pokemondb.net/sprites/scarlet-violet/icon/calyrex-ice-rider.png, True, None
https://img.pokemondb.net/sprites/scarlet-violet/icon/calyrex-shadow-rider.png, True, None
https://img.pokemondb.net/sprites/scarlet-violet/icon/wyrdeer.png, True, None
https://img.pokemondb.net/sprites/scarlet-violet/icon/kleavor.png, True, None
https://img.pokemondb.net/sprites/scarlet-violet/icon/ursaluna.png, True, None
https://img.pokemondb.net/sprites/scarlet-violet/icon/ursaluna-bloodmoon.png, True, None
https://img.pokemondb.net/sprites/scarlet-violet/icon/basculegion-male.png, True, None
https://img.pokemondb.net/sprites/scarlet-violet/icon/basculegion-female.png, True, None
https://img.pokemondb.net/sprites/scarlet-violet/icon/sneasler.png, True, None
https://img.pokemondb.net/sprites/scarlet-violet/icon/overqwil.png, True, None
https://img.pokemondb.net/sprites/scarlet-violet/icon/enamorus-incarnate.png, True, None
https://img.pokemondb.net/sprites/scarlet-violet/icon/enamorus-therian.png, True, None
https://img.pokemondb.net/sprites/scarlet-violet/icon/sprigatito.png, True, None
https://img.pokemondb.net/sprites/scarlet-violet/icon/floragato.png, True, None
https://img.pokemondb.net/sprites/scarlet-violet/icon/meowscarada.png, True, None
https://img.pokemondb.net/sprites/scarlet-violet/icon/fuecoco.png, True, None
https://img.pokemondb.net/sprites/scarlet-violet/icon/crocalor.png, True, None
https://img.pokemondb.net/sprites/scarlet-violet/icon/skeledirge.png, True, None
https://img.pokemondb.net/sprites/scarlet-violet/icon/quaxly.png, True, None
https://img.pokemondb.net/sprites/scarlet-violet/icon/quaxwell.png, True, None
https://img.pokemondb.net/sprites/scarlet-violet/icon/quaquaval.png, True, None
https://img.pokemondb.net/sprites/scarlet-violet/icon/lechonk.png, True, None
https://img.pokemondb.net/sprites/scarlet-violet/icon/oinkologne-male.png, True, None
https://img.pokemondb.net/sprites/scarlet-violet/icon/oinkologne-female.png, True, None
https://img.pokemondb.net/sprites/scarlet-violet/icon/tarountula.png, True, None
https://img.pokemondb.net/sprites/scarlet-violet/icon/spidops.png, True, None
https://img.pokemondb.net/sprites/scarlet-violet/icon/nymble.png, True, None
https://img.pokemondb.net/sprites/scarlet-violet/icon/lokix.png, True, None
https://img.pokemondb.net/sprites/scarlet-violet/icon/pawmi.png, True, None
https://img.pokemondb.net/sprites/scarlet-violet/icon/pawmo.png, True, None
https://img.pokemondb.net/sprites/scarlet-violet/icon/pawmot.png, True, None
https://img.pokemondb.net/sprites/scarlet-violet/icon/tandemaus.png, True, None
https://img.pokemondb.net/sprites/scarlet-violet/icon/maushold-family4.png, True, None
https://img.pokemondb.net/sprites/scarlet-violet/icon/maushold-family3.png, True, None
https://img.pokemondb.net/sprites/scarlet-violet/icon/fidough.png, True, None
https://img.pokemondb.net/sprites/scarlet-violet/icon/dachsbun.png, True, None
https://img.pokemondb.net/sprites/scarlet-violet/icon/smoliv.png, True, None
https://img.pokemondb.net/sprites/scarlet-violet/icon/dolliv.png, True, None
https://img.pokemondb.net/sprites/scarlet-violet/icon/arboliva.png, True, None
https://img.pokemondb.net/sprites/scarlet-violet/icon/squawkabilly-green.png, True, None
https://img.pokemondb.net/sprites/scarlet-violet/icon/squawkabilly-blue.png, True, None
https://img.pokemondb.net/sprites/scarlet-violet/icon/squawkabilly-yellow.png, True, None
https://img.pokemondb.net/sprites/scarlet-violet/icon/squawkabilly-white.png, True, None
https://img.pokemondb.net/sprites/scarlet-violet/icon/nacli.png, True, None
https://img.pokemondb.net/sprites/scarlet-violet/icon/naclstack.png, True, None
https://img.pokemondb.net/sprites/scarlet-violet/icon/garganacl.png, True, None
https://img.pokemondb.net/sprites/scarlet-violet/icon/charcadet.png, True, None
https://img.pokemondb.net/sprites/scarlet-violet/icon/armarouge.png, True, None
https://img.pokemondb.net/sprites/scarlet-violet/icon/ceruledge.png, True, None
https://img.pokemondb.net/sprites/scarlet-violet/icon/tadbulb.png, True, None
https://img.pokemondb.net/sprites/scarlet-violet/icon/bellibolt.png, True, None
https://img.pokemondb.net/sprites/scarlet-violet/icon/wattrel.png, True, None
https://img.pokemondb.net/sprites/scarlet-violet/icon/kilowattrel.png, True, None
https://img.pokemondb.net/sprites/scarlet-violet/icon/maschiff.png, True, None
https://img.pokemondb.net/sprites/scarlet-violet/icon/mabosstiff.png, True, None
https://img.pokemondb.net/sprites/scarlet-violet/icon/shroodle.png, True, None
https://img.pokemondb.net/sprites/scarlet-violet/icon/grafaiai.png, True, None
https://img.pokemondb.net/sprites/scarlet-violet/icon/bramblin.png, True, None
https://img.pokemondb.net/sprites/scarlet-violet/icon/brambleghast.png, True, None
https://img.pokemondb.net/sprites/scarlet-violet/icon/toedscool.png, True, None
https://img.pokemondb.net/sprites/scarlet-violet/icon/toedscruel.png, True, None
https://img.pokemondb.net/sprites/scarlet-violet/icon/klawf.png, True, None
https://img.pokemondb.net/sprites/scarlet-violet/icon/capsakid.png, True, None
https://img.pokemondb.net/sprites/scarlet-violet/icon/scovillain.png, True, None
https://img.pokemondb.net/sprites/scarlet-violet/icon/rellor.png, True, None
https://img.pokemondb.net/sprites/scarlet-violet/icon/rabsca.png, True, None
https://img.pokemondb.net/sprites/scarlet-violet/icon/flittle.png, True, None
https://img.pokemondb.net/sprites/scarlet-violet/icon/espathra.png, True, None
https://img.pokemondb.net/sprites/scarlet-violet/icon/tinkatink.png, True, None
https://img.pokemondb.net/sprites/scarlet-violet/icon/tinkatuff.png, True, None
https://img.pokemondb.net/sprites/scarlet-violet/icon/tinkaton.png, True, None
https://img.pokemondb.net/sprites/scarlet-violet/icon/wiglett.png, True, None
https://img.pokemondb.net/sprites/scarlet-violet/icon/wugtrio.png, True, None
https://img.pokemondb.net/sprites/scarlet-violet/icon/bombirdier.png, True, None
https://img.pokemondb.net/sprites/scarlet-violet/icon/finizen.png, True, None
https://img.pokemondb.net/sprites/scarlet-violet/icon/palafin-zero.png, True, None
https://img.pokemondb.net/sprites/scarlet-violet/icon/palafin-hero.png, True, None
https://img.pokemondb.net/sprites/scarlet-violet/icon/varoom.png, True, None
https://img.pokemondb.net/sprites/scarlet-violet/icon/revavroom.png, True, None
https://img.pokemondb.net/sprites/scarlet-violet/icon/cyclizar.png, True, None
https://img.pokemondb.net/sprites/scarlet-violet/icon/orthworm.png, True, None
https://img.pokemondb.net/sprites/scarlet-violet/icon/glimmet.png, True, None
https://img.pokemondb.net/sprites/scarlet-violet/icon/glimmora.png, True, None
https://img.pokemondb.net/sprites/scarlet-violet/icon/greavard.png, True, None
https://img.pokemondb.net/sprites/scarlet-violet/icon/houndstone.png, True, None
https://img.pokemondb.net/sprites/scarlet-violet/icon/flamigo.png, True, None
https://img.pokemondb.net/sprites/scarlet-violet/icon/cetoddle.png, True, None
https://img.pokemondb.net/sprites/scarlet-violet/icon/cetitan.png, True, None
https://img.pokemondb.net/sprites/scarlet-violet/icon/veluza.png, True, None
https://img.pokemondb.net/sprites/scarlet-violet/icon/dondozo.png, True, None
https://img.pokemondb.net/sprites/scarlet-violet/icon/tatsugiri-curly.png, True, None
https://img.pokemondb.net/sprites/scarlet-violet/icon/tatsugiri-droopy.png, True, None
https://img.pokemondb.net/sprites/scarlet-violet/icon/tatsugiri-stretchy.png, True, None
https://img.pokemondb.net/sprites/scarlet-violet/icon/annihilape.png, True, None
https://img.pokemondb.net/sprites/scarlet-violet/icon/clodsire.png, True, None
https://img.pokemondb.net/sprites/scarlet-violet/icon/farigiraf.png, True, None
https://img.pokemondb.net/sprites/scarlet-violet/icon/dudunsparce-two-segment.png, True, None
https://img.pokemondb.net/sprites/scarlet-violet/icon/dudunsparce-three-segment.png, True, None
https://img.pokemondb.net/sprites/scarlet-violet/icon/kingambit.png, True, None
https://img.pokemondb.net/sprites/scarlet-violet/icon/great-tusk.png, True, None
https://img.pokemondb.net/sprites/scarlet-violet/icon/scream-tail.png, True, None
https://img.pokemondb.net/sprites/scarlet-violet/icon/brute-bonnet.png, True, None
https://img.pokemondb.net/sprites/scarlet-violet/icon/flutter-mane.png, True, None
https://img.pokemondb.net/sprites/scarlet-violet/icon/slither-wing.png, True, None
https://img.pokemondb.net/sprites/scarlet-violet/icon/sandy-shocks.png, True, None
https://img.pokemondb.net/sprites/scarlet-violet/icon/iron-treads.png, True, None
https://img.pokemondb.net/sprites/scarlet-violet/icon/iron-bundle.png, True, None
https://img.pokemondb.net/sprites/scarlet-violet/icon/iron-hands.png, True, None
https://img.pokemondb.net/sprites/scarlet-violet/icon/iron-jugulis.png, True, None
https://img.pokemondb.net/sprites/scarlet-violet/icon/iron-moth.png, True, None
https://img.pokemondb.net/sprites/scarlet-violet/icon/iron-thorns.png, True, None
https://img.pokemondb.net/sprites/scarlet-violet/icon/frigibax.png, True, None
https://img.pokemondb.net/sprites/scarlet-violet/icon/arctibax.png, True, None
https://img.pokemondb.net/sprites/scarlet-violet/icon/baxcalibur.png, True, None
https://img.pokemondb.net/sprites/scarlet-violet/icon/gimmighoul-chest.png, True, None
https://img.pokemondb.net/sprites/scarlet-violet/icon/gimmighoul-roaming.png, True, None
https://img.pokemondb.net/sprites/scarlet-violet/icon/gholdengo.png, True, None
https://img.pokemondb.net/sprites/scarlet-violet/icon/wo-chien.png, True, None
https://img.pokemondb.net/sprites/scarlet-violet/icon/chien-pao.png, True, None
https://img.pokemondb.net/sprites/scarlet-violet/icon/ting-lu.png, True, None
https://img.pokemondb.net/sprites/scarlet-violet/icon/chi-yu.png, True, None
https://img.pokemondb.net/sprites/scarlet-violet/icon/roaring-moon.png, True, None
https://img.pokemondb.net/sprites/scarlet-violet/icon/iron-valiant.png, True, None
https://img.pokemondb.net/sprites/scarlet-violet/icon/koraidon.png, True, None
https://img.pokemondb.net/sprites/scarlet-violet/icon/miraidon.png, True, None
https://img.pokemondb.net/sprites/scarlet-violet/icon/walking-wake.png, True, None
https://img.pokemondb.net/sprites/scarlet-violet/icon/iron-leaves.png, True, None
https://img.pokemondb.net/sprites/scarlet-violet/icon/dipplin.png, True, None
https://img.pokemondb.net/sprites/scarlet-violet/icon/poltchageist.png, True, None
https://img.pokemondb.net/sprites/scarlet-violet/icon/sinistcha.png, True, None
https://img.pokemondb.net/sprites/scarlet-violet/icon/okidogi.png, True, None
https://img.pokemondb.net/sprites/scarlet-violet/icon/munkidori.png, True, None
https://img.pokemondb.net/sprites/scarlet-violet/icon/fezandipiti.png, True, None
https://img.pokemondb.net/sprites/scarlet-violet/icon/ogerpon-teal.png, True, None
https://img.pokemondb.net/sprites/scarlet-violet/icon/ogerpon-wellspring.png, True, None
https://img.pokemondb.net/sprites/scarlet-violet/icon/ogerpon-hearthflame.png, True, None
https://img.pokemondb.net/sprites/scarlet-violet/icon/ogerpon-cornerstone.png, True, None
https://img.pokemondb.net/sprites/scarlet-violet/icon/archaludon.png, True, None
https://img.pokemondb.net/sprites/scarlet-violet/icon/hydrapple.png, True, None
https://img.pokemondb.net/sprites/scarlet-violet/icon/gouging-fire.png, True, None
https://img.pokemondb.net/sprites/scarlet-violet/icon/raging-bolt.png, True, None
https://img.pokemondb.net/sprites/scarlet-violet/icon/iron-boulder.png, True, None
https://img.pokemondb.net/sprites/scarlet-violet/icon/iron-crown.png, True, None
https://img.pokemondb.net/sprites/scarlet-violet/icon/terapagos-normal.png, True, None
https://img.pokemondb.net/sprites/scarlet-violet/icon/terapagos-terastal.png, True, None
https://img.pokemondb.net/sprites/scarlet-violet/icon/terapagos-stellar.png, True, None
https://img.pokemondb.net/sprites/scarlet-violet/icon/pecharunt.png, True, None
